Rk,Player▲,Age,Team,Pos,G,GS,MP,FG,FGA,FG%,3P,3PA,3P%,2P,2PA,2P%,eFG%,FT,FTA,FT%,ORB,DRB,TRB,AST,STL,BLK,TOV,PF,PTS,Awards,Player▲-additional
1,Precious Achiuwa,24,2TM,PF,74,18,1624,5.2,10.4,.501,0.6,2.2,.268,4.6,8.2,.562,.529,1.5,2.5,.616,4.2,6.6,10.8,2.2,1.0,1.5,1.8,3.2,12.5,,achiupr01
2,Bam Adebayo,26,MIA,C,71,71,2416,7.9,15.2,.521,0.2,0.6,.357,7.7,14.5,.528,.529,4.4,5.8,.755,2.4,8.6,11.0,4.1,1.2,1.0,2.4,2.4,20.4,DPOY-3AS,adebaba01
3,Ochai Agbaji,23,2TM,SG,78,28,1641,3.9,9.5,.411,1.4,4.6,.294,2.5,4.9,.523,.483,0.8,1.2,.661,1.6,3.1,4.7,1.8,1.0,1.0,1.4,2.6,10.0,,agbajoc01
4,Santi Aldama,23,MEM,PF,61,35,1618,5.5,12.6,.435,2.4,6.8,.349,3.1,5.9,.534,.528,1.2,1.9,.621,1.6,6.2,7.8,3.1,1.0,1.2,1.5,2.0,14.6,,aldamsa01
5,Nickeil Alexander-Walker,25,MIN,SG,82,20,1921,4.4,10.1,.439,2.5,6.3,.391,2.0,3.8,.517,.560,1.0,1.2,.800,0.7,2.5,3.1,3.8,1.2,0.8,1.4,2.7,12.3,,alexani01
6,Grayson Allen,28,PHO,SG,75,74,2513,4.9,9.8,.499,2.9,6.4,.461,1.9,3.4,.570,.649,1.8,2.1,.878,0.7,3.5,4.2,3.3,1.0,0.6,1.4,2.2,14.5,,allengr01
7,Jarrett Allen,25,CLE,C,77,77,2442,7.7,12.1,.634,0.0,0.1,.000,7.7,12.0,.638,.634,3.4,4.6,.742,3.6,8.4,12.0,3.1,0.8,1.2,1.8,2.2,18.7,DPOY-10,allenja01
8,Timmy Allen,24,MEM,SF,5,0,125,1.7,6.6,.261,0.0,2.0,.000,1.7,4.6,.375,.261,0.3,0.6,.500,1.2,3.7,4.9,1.4,1.2,0.0,0.6,5.2,3.7,,allenti01
9,Jose Alvarado,25,NOP,PG,56,0,1028,5.0,12.1,.412,2.7,7.2,.377,2.2,4.8,.464,.525,1.2,1.8,.673,0.9,3.6,4.5,4.1,2.1,0.5,1.4,3.1,13.9,6MOY-6,alvarjo01
10,Kyle Anderson,30,MIN,PF,79,10,1782,4.0,8.7,.460,0.2,1.0,.229,3.8,7.8,.488,.472,2.0,2.8,.708,1.2,4.3,5.5,6.7,1.4,0.9,1.8,2.6,10.2,,anderky01
11,Giannis Antetokounmpo,29,MIL,PF,73,73,2567,11.7,19.2,.611,0.5,1.7,.274,11.3,17.5,.645,.624,7.2,11.0,.657,2.7,9.0,11.8,6.7,1.2,1.1,3.5,2.9,31.2,MVP-4DPOY-9CPOY-12ASNBA1,antetgi01
12,Thanasis Antetokounmpo,31,MIL,PF,34,0,155,3.7,7.0,.533,0.0,0.2,.000,3.7,6.7,.552,.533,0.0,0.5,.000,1.6,1.4,3.0,3.9,1.6,0.9,3.3,5.6,7.4,,antetth01
13,Cole Anthony,23,ORL,PG,81,0,1817,6.6,15.1,.435,1.8,5.4,.338,4.7,9.7,.490,.496,3.6,4.3,.826,1.3,4.9,6.2,4.7,1.3,0.7,2.5,3.5,18.6,,anthoco01
14,OG Anunoby,26,2TM,SF,50,50,1702,6.0,12.2,.489,2.2,5.6,.382,3.8,6.6,.581,.577,1.4,1.9,.753,1.0,3.4,4.4,2.3,1.4,0.8,1.7,2.5,15.5,,anunoog01
15,Ryan Arcidiacono,29,NYK,PG,20,0,45,0.0,4.8,.000,0.0,4.8,.000,0.0,0.0,,.000,0.0,0.0,,0.0,6.4,6.4,3.2,1.6,0.0,1.6,4.0,0.0,,arcidry01
16,Deni Avdija,23,WAS,SF,75,75,2257,6.5,12.8,.506,1.4,3.7,.374,5.1,9.1,.560,.560,3.2,4.4,.740,1.3,7.3,8.6,4.6,1.0,0.6,2.6,3.0,17.6,,avdijde01
17,Deandre Ayton,25,POR,C,55,55,1784,8.6,15.1,.570,0.0,0.2,.100,8.6,14.9,.576,.571,1.3,1.6,.823,3.6,8.7,12.3,1.8,1.1,0.8,2.0,2.2,18.6,,aytonde01
18,Udoka Azubuike,24,PHO,C,16,0,113,5.1,7.3,.696,0.0,0.0,,5.1,7.3,.696,.696,1.0,4.1,.231,3.5,6.7,10.2,1.0,0.3,1.9,1.3,5.4,11.2,,azubuud01
19,Ibou Badji,21,POR,C,22,1,226,2.2,3.5,.636,0.0,0.0,,2.2,3.5,.636,.636,1.0,1.9,.500,3.2,4.9,8.1,2.1,0.5,3.2,2.4,7.3,5.4,,badjiib01
20,Marvin Bagley III,24,2TM,C,50,25,1053,8.2,13.9,.586,0.3,0.8,.391,7.9,13.2,.597,.597,3.3,4.3,.762,4.4,6.2,10.7,1.9,0.7,1.1,2.0,2.8,19.9,,baglema01
21,Amari Bailey,19,CHO,PG,10,0,65,4.4,13.3,.333,0.6,4.4,.125,3.9,8.9,.438,.354,3.3,3.9,.857,3.3,1.7,5.0,3.9,1.7,0.0,2.2,1.1,12.7,,baileam01
22,Patrick Baldwin Jr.,21,WAS,SF,38,7,493,4.3,11.3,.381,2.3,7.1,.320,2.0,4.2,.483,.481,1.4,2.0,.679,1.2,7.7,9.0,2.1,1.3,1.1,1.4,4.1,12.3,,baldwpa01
23,LaMelo Ball,22,CHO,PG,22,22,711,9.3,21.4,.433,3.5,10.0,.355,5.7,11.4,.500,.515,4.6,5.3,.865,1.5,4.3,5.7,8.9,2.0,0.2,4.2,4.0,26.6,,ballla01
24,Mo Bamba,25,PHI,C,57,17,740,4.7,9.6,.490,1.2,3.1,.391,3.5,6.5,.537,.553,1.7,2.4,.680,3.7,7.8,11.6,2.0,1.1,2.9,1.9,4.9,12.3,,bambamo01
25,Paolo Banchero,21,ORL,PF,80,80,2799,8.2,18.1,.455,1.5,4.5,.339,6.7,13.6,.493,.497,5.2,7.2,.725,1.1,6.1,7.1,5.5,0.9,0.6,3.2,2.0,23.2,AS,banchpa01
26,Desmond Bane,25,MEM,SG,42,42,1443,9.0,19.4,.464,3.4,9.0,.381,5.6,10.4,.536,.552,3.5,4.0,.870,0.9,3.7,4.6,5.7,1.1,0.5,2.8,3.0,24.9,,banede01
27,Dalano Banton,24,2TM,PG,54,9,1047,6.9,17.2,.404,2.0,6.8,.296,4.9,10.3,.475,.463,3.2,4.1,.783,1.4,4.7,6.1,4.4,1.1,0.7,2.6,2.2,19.2,,bantoda01
28,Dominick Barlow,20,SAS,PF,33,1,420,4.8,9.7,.496,0.3,0.8,.333,4.5,8.9,.510,.509,2.5,3.6,.690,3.9,5.8,9.7,3.1,1.0,1.2,0.8,4.0,12.3,,barlodo01
29,Harrison Barnes,31,SAC,PF,82,82,2381,5.2,11.1,.474,2.3,5.8,.387,3.0,5.2,.571,.576,2.4,3.0,.801,1.0,2.8,3.8,1.5,0.8,0.2,0.9,1.5,15.1,,barneha02
30,Scottie Barnes,22,TOR,SG,60,60,2094,7.7,16.2,.475,1.7,5.1,.341,5.9,11.1,.536,.528,3.4,4.3,.781,2.4,6.1,8.5,6.2,1.3,1.5,2.8,2.0,20.5,AS,barnesc01
31,RJ Barrett,23,2TM,SG,58,58,1838,8.5,17.2,.495,1.8,4.9,.360,6.8,12.3,.549,.547,4.1,5.7,.715,1.0,5.1,6.2,3.8,0.6,0.4,2.5,2.5,22.9,,barrerj01
32,Charles Bassey,23,SAS,C,19,0,205,5.1,7.0,.725,0.0,0.2,.000,5.1,6.8,.744,.725,0.9,1.1,.833,4.0,9.3,13.3,3.7,1.4,3.0,2.6,5.4,11.1,,bassech01
33,Emoni Bates,20,CLE,SF,15,0,133,4.1,13.3,.306,2.7,8.9,.303,1.4,4.3,.313,.408,0.3,1.1,.250,0.3,3.5,3.8,2.7,0.3,0.5,2.2,1.4,11.1,,batesem01
34,Keita Bates-Diop,28,2TM,SF,53,8,665,3.9,9.0,.434,1.1,3.7,.304,2.8,5.3,.526,.497,1.7,2.3,.762,1.7,4.3,6.0,2.1,1.4,1.2,0.8,1.9,10.7,,bateske01
35,Nicolas Batum,35,2TM,PF,60,38,1529,2.7,6.0,.453,1.7,4.4,.395,1.0,1.7,.606,.596,0.4,0.5,.714,1.6,4.2,5.8,3.0,1.1,0.9,0.9,2.6,7.5,,batumni01
36,Darius Bazley,23,2TM,PF,9,0,152,4.3,7.1,.600,0.5,1.9,.250,3.8,5.2,.727,.633,2.4,2.8,.833,1.9,4.7,6.6,1.7,1.4,1.7,1.9,0.7,11.4,,bazleda01
37,Bradley Beal,30,PHO,SG,53,53,1767,7.7,15.0,.513,2.1,4.8,.430,5.6,10.2,.552,.582,2.2,2.7,.813,1.1,3.6,4.7,5.4,1.1,0.6,2.7,2.6,19.6,,bealbr01
38,Malik Beasley,27,MIL,SG,79,77,2337,4.9,11.1,.443,3.5,8.3,.413,1.5,2.8,.533,.598,0.4,0.5,.714,0.6,3.8,4.5,1.7,0.9,0.1,0.8,2.4,13.7,,beaslma01
39,MarJon Beauchamp,23,MIL,SF,48,1,608,4.8,9.8,.488,1.8,4.4,.400,3.0,5.4,.560,.578,1.1,1.7,.679,1.3,4.6,5.9,1.8,0.8,0.4,1.6,3.2,12.5,,beaucma01
40,Jules Bernard,24,WAS,SG,19,0,149,7.0,15.5,.453,2.7,7.0,.379,4.3,8.5,.514,.539,1.2,2.2,.556,2.4,3.9,6.3,3.9,0.7,0.2,1.9,3.4,17.9,,bernaju01
41,Dāvis Bertāns,31,2TM,PF,43,1,674,4.9,12.5,.393,4.1,10.7,.380,0.9,1.8,.471,.556,1.6,1.8,.909,0.5,2.8,3.3,1.9,1.4,0.6,1.0,3.0,15.5,,bertada01
42,Patrick Beverley,35,2TM,PG,73,13,1462,3.9,9.3,.417,1.5,4.5,.337,2.4,4.9,.490,.497,1.8,2.2,.822,1.2,4.7,5.9,5.2,1.1,0.8,1.6,3.2,11.1,,beverpa01
43,Saddiq Bey,24,ATL,SF,63,51,2062,5.1,12.2,.416,2.0,6.3,.316,3.1,5.9,.522,.497,3.0,3.5,.837,2.9,4.3,7.2,1.6,0.9,0.2,0.9,1.5,15.1,,beysa01
44,Goga Bitadze,24,ORL,C,62,33,957,4.7,7.9,.603,0.1,0.5,.143,4.7,7.3,.636,.608,2.1,3.3,.655,4.1,6.7,10.8,3.0,1.2,2.7,1.7,4.0,11.7,,bitadgo01
45,Onuralp Bitim,24,CHI,SG,23,1,268,4.3,11.3,.381,1.6,5.9,.273,2.7,5.4,.500,.452,0.5,0.7,.800,0.8,3.5,4.3,1.7,0.4,0.3,1.3,3.2,10.7,,bitimon01
46,Bismack Biyombo,31,2TM,C,40,27,791,3.4,6.0,.565,0.0,0.0,,3.4,6.0,.565,.565,1.2,2.5,.481,2.8,6.7,9.5,2.4,0.5,1.7,1.9,4.1,7.9,,biyombi01
47,Anthony Black,20,ORL,PG,69,33,1164,3.6,7.6,.466,1.1,2.9,.394,2.4,4.7,.510,.540,1.5,2.5,.613,1.0,3.3,4.3,2.8,1.1,0.6,1.7,3.4,9.8,,blackan01
48,Leaky Black,24,CHO,SF,26,3,284,3.2,6.6,.481,1.1,2.5,.450,2.0,4.1,.500,.567,1.3,1.9,.667,1.1,4.9,6.1,3.0,1.0,1.4,0.8,2.4,8.7,,blackle01
49,Buddy Boeheim,24,DET,SF,10,0,84,3.9,12.4,.310,3.4,10.7,.320,0.4,1.7,.250,.448,3.4,4.3,.800,1.3,3.0,4.3,1.3,0.0,0.4,0.0,2.1,14.6,,boehebu01
50,Bogdan Bogdanović,31,ATL,SG,79,33,2401,7.1,16.5,.428,3.6,9.6,.374,3.5,6.9,.503,.537,2.3,2.5,.921,0.8,3.3,4.1,3.7,1.4,0.4,1.7,2.7,20.0,6MOY-5,bogdabo01
51,Bojan Bogdanović,34,2TM,PF,57,27,1478,7.5,16.6,.454,3.2,8.1,.398,4.3,8.5,.507,.551,2.8,3.6,.785,0.5,3.2,3.7,2.4,0.7,0.1,2.5,2.3,21.1,6MOY-9,bogdabo02
52,Bol Bol,24,PHO,PF,43,0,469,7.1,11.6,.616,1.7,4.0,.423,5.4,7.6,.717,.689,1.2,1.5,.789,2.5,8.1,10.5,1.3,0.8,1.9,1.5,3.2,17.1,,bolbo01
53,Marques Bolden,25,2TM,C,11,2,121,5.1,7.4,.680,0.0,0.3,.000,5.1,7.1,.708,.680,0.9,1.2,.750,3.0,7.1,10.1,1.2,0.9,2.1,0.9,3.0,11.0,,boldema01
54,Devin Booker,27,PHO,PG,68,68,2447,9.4,19.2,.492,2.2,6.1,.364,7.2,13.0,.552,.550,6.0,6.7,.886,0.8,3.7,4.5,6.9,0.9,0.4,2.6,3.0,27.1,ASNBA3,bookede01
55,Brandon Boston Jr.,22,LAC,SF,32,0,345,6.8,16.8,.404,1.5,5.4,.269,5.3,11.4,.468,.447,2.4,3.4,.697,2.0,3.4,5.4,1.4,1.1,0.8,2.5,4.2,17.4,,bostobr01
56,Chris Boucher,31,TOR,PF,50,0,705,5.6,11.1,.507,1.6,4.8,.330,4.0,6.3,.642,.578,3.6,4.7,.772,3.2,7.4,10.6,1.2,0.7,1.2,1.4,3.5,16.4,,bouchch01
57,James Bouknight,23,CHO,SG,14,0,81,8.0,18.2,.439,5.8,13.3,.433,2.2,4.9,.455,.598,0.4,0.9,.500,0.4,3.6,4.0,2.7,0.4,0.4,0.9,1.3,22.2,,bouknja01
58,Jamaree Bouyea,24,2TM,PG,9,0,95,3.8,10.6,.357,0.4,3.4,.111,3.4,7.2,.474,.375,0.0,0.0,,1.1,6.1,7.2,4.2,0.4,0.0,3.4,3.8,8.0,,bouyeja01
59,Malaki Branham,20,SAS,PG,75,29,1594,6.1,14.2,.432,2.1,6.1,.347,4.0,8.1,.494,.506,1.2,1.4,.873,0.6,2.7,3.3,3.5,0.6,0.2,2.1,2.1,15.6,,branhma01
60,Christian Braun,22,DEN,SG,82,4,1655,4.8,10.5,.460,1.4,3.6,.384,3.5,6.9,.498,.525,2.0,2.9,.694,1.7,4.9,6.7,2.9,0.9,0.8,1.2,3.0,13.1,,braunch01
61,Mikal Bridges,27,BRK,SF,82,82,2854,7.1,16.3,.436,2.8,7.5,.372,4.3,8.9,.490,.521,3.3,4.0,.814,0.9,3.8,4.7,3.8,1.0,0.4,2.1,1.5,20.3,,bridgmi01
62,Miles Bridges,25,CHO,SF,69,67,2581,7.8,16.9,.462,2.2,6.3,.349,5.6,10.6,.529,.527,2.4,2.9,.825,1.0,6.1,7.0,3.2,0.9,0.5,1.9,1.6,20.2,,bridgmi02
63,Oshae Brissett,25,BOS,SF,55,1,630,3.9,8.7,.444,0.9,3.1,.273,3.0,5.6,.541,.493,2.9,4.7,.602,3.5,5.7,9.1,2.5,1.1,0.5,1.1,3.1,11.5,,brissos01
64,Izaiah Brockington,24,NOP,PG,1,0,3,24.0,60.0,.400,0.0,12.0,.000,24.0,48.0,.500,.400,0.0,0.0,,12.0,12.0,24.0,0.0,0.0,0.0,0.0,0.0,48.0,,brockiz01
65,Malcolm Brogdon,31,POR,PG,39,25,1121,7.0,15.9,.440,2.6,6.4,.412,4.4,9.5,.458,.522,3.1,3.7,.819,0.9,3.9,4.8,6.9,0.9,0.3,1.9,1.9,19.7,,brogdma01
66,Armoni Brooks,25,BRK,PG,10,0,104,5.2,15.9,.326,3.8,11.1,.344,1.4,4.8,.286,.446,0.3,0.7,.500,2.4,3.8,6.2,1.7,0.3,0.3,1.0,1.0,14.5,,brookar01
67,Dillon Brooks,28,HOU,SF,72,72,2227,5.3,12.4,.428,2.1,6.0,.359,3.2,6.4,.492,.515,2.0,2.4,.844,0.9,3.1,4.0,1.9,1.0,0.2,1.4,3.9,14.8,,brookdi01
68,Bruce Brown,27,2TM,SG,67,44,1866,5.4,11.2,.478,1.0,3.2,.323,4.3,8.1,.538,.523,2.3,2.7,.824,1.0,4.5,5.5,3.7,1.1,0.3,1.7,2.9,14.0,,brownbr01
69,Charlie Brown Jr.,26,NYK,SG,8,0,37,1.9,9.7,.200,1.9,6.8,.286,0.0,2.9,.000,.300,0.0,0.0,,1.0,1.0,1.9,0.0,0.0,1.9,1.9,4.9,5.8,,brownch02
70,Greg Brown III,22,DAL,PF,6,0,40,4.5,9.9,.455,0.9,2.7,.333,3.6,7.2,.500,.500,3.6,8.1,.444,2.7,5.4,8.1,3.6,0.0,3.6,3.6,4.5,13.5,,browngr01
71,Jaylen Brown,27,BOS,SF,70,70,2343,9.6,19.3,.499,2.2,6.3,.354,7.4,13.0,.570,.557,3.2,4.6,.703,1.3,4.7,5.9,3.8,1.3,0.6,2.6,2.8,24.7,AS,brownja02
72,Kendall Brown,20,IND,SG,15,0,63,4.6,8.6,.533,0.0,1.1,.000,4.6,7.4,.615,.533,2.9,4.6,.625,1.7,1.1,2.9,2.9,0.0,0.0,1.1,5.1,12.0,,brownke03
73,Kobe Brown,24,LAC,PF,44,0,394,3.4,8.2,.411,1.3,4.4,.292,2.1,3.8,.548,.489,0.1,0.2,.500,1.8,3.8,5.7,2.3,1.1,0.5,0.8,4.5,8.1,,brownko01
74,Moses Brown,24,POR,C,22,5,200,5.9,11.7,.508,0.0,0.0,,5.9,11.7,.508,.508,1.6,5.6,.290,6.7,8.8,15.5,1.3,0.9,1.3,2.0,4.9,13.5,,brownmo01
75,Troy Brown Jr.,24,2TM,SF,59,15,827,3.7,9.8,.372,2.0,6.1,.333,1.6,3.7,.435,.476,1.4,1.6,.865,1.1,5.2,6.3,2.6,1.0,0.1,1.3,1.8,10.8,,browntr01
76,Jalen Brunson,27,NYK,PG,77,77,2726,10.4,21.8,.479,2.8,6.9,.401,7.6,14.8,.516,.543,5.6,6.6,.847,0.6,3.1,3.7,6.9,0.9,0.2,2.5,1.9,29.2,MVP-5CPOY-5ASNBA2,brunsja01
77,Thomas Bryant,26,MIA,C,38,4,441,7.0,12.2,.577,0.3,1.8,.182,6.7,10.4,.646,.591,3.3,3.8,.872,3.3,8.2,11.5,1.9,0.8,1.3,1.7,3.8,17.7,,bryanth01
78,Kobe Bufkin,20,ATL,SG,17,0,196,6.2,16.9,.370,1.7,7.3,.225,4.6,9.6,.481,.418,0.7,1.5,.500,1.1,5.0,6.1,5.0,1.3,0.9,1.8,3.7,14.9,,bufkiko01
79,Reggie Bullock,32,HOU,SF,44,0,417,2.9,7.1,.415,2.3,5.8,.403,0.6,1.3,.467,.579,0.1,0.1,1.000,0.5,5.8,6.3,1.3,1.0,0.4,0.9,2.5,8.3,,bullore01
80,Alec Burks,32,2TM,SG,66,1,1212,6.2,16.9,.369,3.7,9.8,.376,2.6,7.1,.360,.478,4.3,5.0,.868,0.7,3.7,4.5,2.6,0.8,0.4,1.4,2.2,20.5,,burksal01
81,Jared Butler,23,WAS,SG,40,0,566,6.2,12.8,.488,1.5,5.0,.308,4.7,7.8,.602,.547,2.0,2.3,.861,0.6,3.1,3.7,8.0,1.8,0.5,3.2,3.7,16.0,,butleja02
82,Jimmy Butler,34,MIA,PF,60,60,2042,7.0,14.0,.499,1.1,2.6,.414,5.9,11.4,.519,.537,6.9,8.1,.858,1.9,3.8,5.6,5.3,1.4,0.3,1.8,1.2,22.0,,butleji01
83,Jamal Cain,24,MIA,PF,26,1,259,4.7,11.0,.430,1.5,4.3,.355,3.2,6.7,.479,.500,2.5,3.2,.783,2.1,3.1,5.1,1.4,1.4,0.7,1.1,3.1,13.5,,cainja01
84,Kentavious Caldwell-Pope,30,DEN,SG,76,76,2402,4.0,8.8,.460,1.9,4.6,.406,2.2,4.2,.520,.566,1.5,1.7,.894,0.5,2.3,2.7,2.7,1.5,0.6,1.1,2.3,11.5,,caldwke01
85,Toumani Camara,23,POR,PF,70,49,1739,4.1,9.1,.450,1.2,3.6,.337,2.9,5.5,.523,.516,1.6,2.0,.758,2.9,4.2,7.1,1.8,1.4,0.7,1.7,3.6,10.9,,camarto01
86,Clint Capela,29,ATL,C,73,73,1883,6.7,11.8,.571,0.0,0.0,.000,6.7,11.8,.572,.571,2.5,3.9,.631,6.4,8.4,14.8,1.7,0.8,2.0,1.4,3.1,16.0,,capelca01
87,Jevon Carter,28,CHI,PG,72,0,1004,4.9,13.1,.378,2.8,8.4,.329,2.2,4.7,.466,.484,0.1,0.3,.571,0.4,1.8,2.2,3.4,1.3,0.6,1.3,2.5,12.8,,carteje01
88,Wendell Carter Jr.,24,ORL,C,55,48,1406,5.7,10.9,.525,1.6,4.4,.374,4.1,6.5,.626,.600,2.4,3.4,.694,2.9,6.9,9.8,2.4,0.9,0.7,1.7,3.1,15.4,,cartewe01
89,D.J. Carton,23,TOR,SG,4,0,36,3.0,8.0,.375,1.0,4.0,.250,2.0,4.0,.500,.438,4.0,5.0,.800,2.0,2.0,4.0,3.0,1.0,0.0,1.0,3.0,11.0,,cartodj01
90,Alex Caruso,29,CHI,SG,71,57,2040,4.5,9.5,.468,2.4,5.9,.408,2.1,3.7,.563,.593,1.3,1.7,.760,1.1,3.7,4.8,4.4,2.1,1.2,1.8,3.2,12.6,DPOY-10,carusal01
91,Colin Castleton,23,LAL,C,16,0,59,5.5,9.8,.563,0.0,0.0,,5.5,9.8,.563,.563,3.7,3.7,1.000,3.7,3.7,7.3,1.8,1.2,0.0,1.8,6.7,14.6,,castlco01
92,Malcolm Cazalon,22,DET,SG,1,0,3,0.0,0.0,,0.0,0.0,,0.0,0.0,,,0.0,0.0,,0.0,0.0,0.0,0.0,0.0,0.0,0.0,0.0,0.0,,cazalma01
93,Julian Champagnie,22,SAS,SF,74,59,1468,4.0,9.9,.408,2.5,6.8,.365,1.5,3.1,.504,.534,1.8,2.3,.815,1.0,4.0,5.1,2.5,1.2,1.0,1.4,1.9,12.4,,champju02
94,Justin Champagnie,22,WAS,SF,15,1,235,4.9,11.9,.410,2.0,6.9,.289,2.9,5.1,.576,.494,1.8,2.3,.800,2.9,5.2,8.1,2.9,1.5,1.4,1.5,2.1,13.6,,champju01
95,Max Christie,20,LAL,SG,67,7,944,3.9,9.2,.427,1.6,4.5,.356,2.3,4.7,.496,.515,1.4,1.8,.783,0.6,4.8,5.4,2.3,0.8,0.6,1.3,2.2,10.8,,chrisma02
96,Sidy Cissoko,19,SAS,SF,12,0,141,4.1,8.4,.485,0.3,3.1,.083,3.8,5.4,.714,.500,3.1,3.8,.800,2.0,3.6,5.6,2.6,1.8,0.8,0.8,4.6,11.5,,cissosi01
97,Brandon Clarke,27,MEM,PF,6,1,134,8.9,15.9,.559,0.3,1.6,.167,8.6,14.2,.604,.568,0.3,1.9,.143,3.5,5.1,8.6,2.4,1.3,1.6,0.8,2.1,18.3,,clarkbr01
98,Jordan Clarkson,31,UTA,SG,55,19,1682,7.2,17.5,.413,1.9,6.6,.294,5.3,10.9,.485,.469,3.8,4.3,.881,1.0,3.0,4.0,5.9,0.7,0.1,3.1,1.7,20.2,,clarkjo01
99,Nic Claxton,24,BRK,C,71,71,2116,6.2,9.9,.629,0.0,0.1,.200,6.2,9.8,.633,.630,1.8,3.3,.551,3.3,8.7,12.0,2.5,0.8,2.5,1.6,3.0,14.3,,claxtni01
100,Noah Clowney,19,BRK,PF,23,4,370,4.9,9.0,.538,1.2,3.2,.364,3.7,5.8,.633,.602,2.0,2.9,.700,2.5,5.4,7.9,1.8,0.8,1.6,1.5,2.4,12.9,,clownno01
101,Amir Coffey,26,LAC,SF,70,13,1460,4.1,8.7,.472,1.7,4.5,.380,2.4,4.1,.571,.571,1.5,1.8,.859,0.7,2.9,3.6,1.9,1.0,0.3,0.8,2.5,11.4,,coffeam01
102,John Collins,26,UTA,PF,68,66,1901,7.5,14.1,.532,1.6,4.4,.371,5.9,9.7,.605,.590,2.8,3.5,.795,3.0,7.9,10.9,1.5,0.8,1.2,1.9,3.6,19.4,,collijo01
103,Zach Collins,26,SAS,C,69,29,1526,7.0,14.5,.484,1.4,4.3,.320,5.7,10.3,.552,.531,2.9,3.8,.753,2.8,5.9,8.7,4.6,0.8,1.2,3.1,4.9,18.3,,colliza01
104,Mike Conley,36,MIN,PG,76,76,2193,4.8,10.6,.457,2.9,6.6,.442,1.9,3.9,.481,.595,1.7,1.8,.911,0.6,3.0,3.6,7.4,1.4,0.3,1.7,2.1,14.3,,conlemi01
105,Pat Connaughton,31,MIL,SF,76,3,1676,3.2,7.5,.435,1.8,5.1,.345,1.5,2.3,.633,.553,0.9,1.2,.759,1.1,4.0,5.1,3.5,0.9,0.4,1.1,2.1,9.2,,connapa01
106,Bilal Coulibaly,19,WAS,SF,63,15,1715,3.9,9.1,.435,1.3,3.9,.346,2.6,5.2,.502,.509,1.9,2.7,.702,1.2,4.2,5.4,2.3,1.2,1.0,1.8,2.9,11.2,,coulibi01
107,Ricky Council IV,22,PHI,SG,32,0,289,6.7,14.0,.482,1.5,4.0,.375,5.2,10.0,.525,.536,6.6,8.8,.746,1.7,4.0,5.7,2.0,1.0,0.1,0.6,2.1,21.6,,councri01
108,Robert Covington,33,2TM,PF,29,6,488,3.2,7.2,.439,1.4,4.1,.339,1.8,3.1,.571,.536,1.6,1.9,.846,2.3,4.9,7.2,1.8,2.9,1.3,0.8,4.1,9.4,,covinro01
109,Torrey Craig,33,CHI,SF,53,14,1049,3.7,8.6,.430,2.1,5.3,.392,1.6,3.4,.490,.550,0.9,1.2,.750,2.4,5.1,7.4,2.0,1.0,0.7,1.1,3.8,10.4,,craigto01
110,Jae Crowder,33,MIL,PF,50,25,1156,3.6,8.4,.422,1.8,5.2,.349,1.7,3.2,.538,.530,0.8,1.1,.722,1.0,4.0,5.0,2.1,1.2,0.3,0.7,2.3,9.7,,crowdja01
111,Jalen Crutcher,24,NOP,PG,1,0,3,0.0,12.0,.000,0.0,0.0,,0.0,12.0,.000,.000,0.0,0.0,,0.0,0.0,0.0,0.0,0.0,0.0,0.0,0.0,0.0,,crutcja01
112,Cade Cunningham,22,DET,PG,62,62,2074,9.1,20.3,.449,2.1,5.8,.355,7.0,14.4,.487,.500,4.1,4.8,.869,0.6,4.1,4.7,8.1,1.0,0.4,3.7,2.7,24.4,,cunnica01
113,Seth Curry,33,2TM,SG,44,4,616,4.7,11.9,.392,2.2,6.3,.352,2.5,5.6,.438,.485,1.6,1.8,.903,1.1,2.9,4.0,2.6,1.3,0.4,1.2,2.3,13.2,,curryse01
114,Stephen Curry,35,GSW,PG,74,74,2421,9.7,21.5,.450,5.3,13.0,.408,4.4,8.5,.515,.573,4.4,4.8,.923,0.6,4.4,4.9,5.6,0.8,0.4,3.1,1.7,29.1,CPOY-1ASNBA3,curryst01
115,Dyson Daniels,20,NOP,PG,61,16,1358,3.7,8.2,.447,1.1,3.6,.311,2.6,4.7,.551,.514,0.9,1.4,.642,1.6,4.6,6.3,4.3,2.3,0.7,1.6,2.7,9.4,,daniedy01
116,Anthony Davis,30,LAL,C,76,76,2700,9.5,17.1,.556,0.4,1.4,.271,9.1,15.7,.582,.567,5.6,6.9,.816,3.2,9.6,12.8,3.5,1.2,2.4,2.1,2.4,25.0,DPOY-4ASNBA2,davisan02
117,Johnny Davis,21,WAS,SG,50,6,613,3.6,9.0,.403,0.8,2.3,.350,2.8,6.7,.421,.448,0.8,1.4,.583,1.1,3.2,4.2,1.9,1.1,0.6,0.8,3.3,8.9,,davisjo06
118,JD Davison,21,BOS,SG,8,0,39,4.6,11.1,.417,2.8,6.5,.429,1.8,4.6,.400,.542,2.8,3.7,.750,1.8,7.4,9.2,9.2,0.9,0.9,1.8,3.7,14.8,,davisjd01
119,Dexter Dennis,24,DAL,SG,4,0,30,12.0,22.8,.526,1.2,9.6,.125,10.8,13.2,.818,.553,1.2,3.6,.333,1.2,9.6,10.8,4.8,0.0,1.2,3.6,1.2,26.4,,dennide01
120,DeMar DeRozan,34,CHI,SF,79,79,2989,7.8,16.3,.480,0.9,2.7,.333,6.9,13.6,.509,.507,6.3,7.4,.853,0.5,3.6,4.1,5.1,1.1,0.5,1.6,1.9,22.8,CPOY-2,derozde01
121,Moussa Diabaté,22,LAC,C,11,0,64,5.6,10.7,.526,0.0,0.0,,5.6,10.7,.526,.526,5.1,7.9,.643,8.4,5.1,13.5,2.3,2.8,0.6,1.1,2.3,16.3,,diabamo01
122,Mamadi Diakite,27,2TM,PF,6,0,24,6.0,9.0,.667,0.0,1.5,.000,6.0,7.5,.800,.667,6.0,9.0,.667,1.5,4.5,6.0,3.0,1.5,1.5,1.5,3.0,18.0,,diakima01
123,Hamidou Diallo,25,WAS,SG,2,0,5,7.2,14.4,.500,0.0,0.0,,7.2,14.4,.500,.500,0.0,0.0,,14.4,0.0,14.4,7.2,14.4,0.0,7.2,7.2,14.4,,diallha01
124,Gradey Dick,20,TOR,SG,60,17,1268,5.4,12.6,.425,2.5,6.8,.365,2.9,5.8,.495,.524,1.2,1.4,.863,0.8,3.0,3.7,1.9,1.0,0.1,1.4,2.5,14.5,,dickgr01
125,Ousmane Dieng,20,OKC,PF,33,0,365,4.8,11.4,.422,2.1,6.9,.300,2.8,4.5,.609,.513,1.4,1.6,.875,1.0,4.0,5.0,3.6,0.8,0.5,1.9,2.2,13.1,,diengou01
126,Spencer Dinwiddie,30,2TM,PG,76,52,2152,4.2,10.7,.392,2.1,6.2,.337,2.1,4.6,.467,.489,2.8,3.5,.805,0.5,2.9,3.4,6.0,0.9,0.4,1.5,2.3,13.3,,dinwisp01
127,Donte DiVincenzo,27,NYK,SG,81,63,2360,6.8,15.3,.443,4.3,10.8,.401,2.5,4.6,.542,.584,1.3,1.7,.754,1.0,3.6,4.5,3.3,1.6,0.5,1.7,2.5,19.2,,divindo01
128,Luka Dončić,24,DAL,PG,70,70,2624,11.0,22.7,.487,3.9,10.2,.382,7.1,12.5,.573,.573,6.6,8.3,.786,0.8,8.1,8.9,9.4,1.4,0.5,3.9,2.0,32.5,MVP-3CPOY-6ASNBA1,doncilu01
129,Luguentz Dort,24,OKC,SF,79,79,2246,4.6,10.5,.438,2.5,6.3,.394,2.1,4.2,.506,.557,2.1,2.5,.826,1.2,3.4,4.6,1.8,1.2,0.8,1.2,3.7,13.8,,dortlu01
130,Ayo Dosunmu,24,CHI,SG,76,37,2212,5.9,11.7,.501,1.9,4.8,.403,3.9,6.9,.568,.583,1.4,1.7,.810,0.9,2.6,3.5,3.9,1.1,0.6,1.7,2.7,15.0,,dosunay01
131,Jeff Dowtin,26,PHI,PG,12,0,142,5.1,9.1,.556,2.3,4.8,.474,2.8,4.3,.647,.681,0.8,1.0,.750,0.8,4.3,5.1,6.8,1.8,0.3,1.3,0.3,13.2,,dowtije01
132,Henri Drell,23,CHI,SF,4,0,30,4.8,12.0,.400,2.4,7.2,.333,2.4,4.8,.500,.500,1.2,2.4,.500,1.2,3.6,4.8,4.8,2.4,1.2,2.4,7.2,13.2,,drellhe01
133,Andre Drummond,30,CHI,C,79,10,1351,7.1,12.8,.556,0.0,0.1,.000,7.1,12.7,.560,.556,3.4,5.8,.592,7.1,11.8,18.9,1.0,1.9,1.3,2.2,3.7,17.7,,drumman01
134,Chris Duarte,26,SAC,SF,59,11,719,4.0,10.5,.381,2.2,6.4,.346,1.8,4.2,.434,.486,1.3,1.7,.788,1.3,4.0,5.3,2.2,1.4,0.4,1.3,4.0,11.5,,duartch01
135,David Duke Jr.,24,SAS,SG,4,0,51,7.1,12.7,.556,2.1,4.2,.500,4.9,8.5,.583,.639,2.1,2.1,1.000,1.4,5.6,7.1,3.5,1.4,0.0,2.1,2.8,18.4,,dukeda01
136,Kris Dunn,29,UTA,PG,66,32,1249,4.2,9.0,.470,1.2,3.2,.369,3.1,5.8,.525,.535,0.6,0.9,.688,1.4,4.0,5.4,7.3,2.0,0.8,2.3,3.9,10.3,,dunnkr01
137,Kevin Durant,35,PHO,PF,75,75,2791,9.7,18.5,.523,2.2,5.2,.413,7.5,13.3,.567,.581,4.7,5.5,.856,0.5,5.9,6.4,4.9,0.9,1.2,3.1,1.7,26.2,MVP-9ASNBA2,duranke01
138,Jalen Duren,20,DET,C,61,60,1777,7.1,11.4,.619,0.0,0.1,.000,7.1,11.3,.623,.619,2.9,3.7,.790,3.9,10.5,14.4,3.0,0.7,1.0,2.6,3.9,17.0,,durenja01
139,Tari Eason,22,HOU,PF,22,0,480,6.6,14.2,.466,1.4,3.7,.360,5.2,10.4,.504,.513,1.6,2.5,.636,3.4,8.0,11.5,2.0,2.3,1.4,1.5,3.8,16.1,,easonta01
140,Anthony Edwards,22,MIN,SG,79,78,2770,9.3,20.2,.461,2.5,6.9,.357,6.9,13.3,.515,.522,5.5,6.6,.836,0.7,4.9,5.6,5.3,1.3,0.5,3.1,1.8,26.6,MVP-7CPOY-8ASNBA2,edwaran01
141,Kessler Edwards,23,SAC,SF,54,0,275,4.5,10.7,.415,2.6,6.8,.385,1.8,3.9,.467,.537,0.7,1.2,.556,1.2,4.3,5.5,2.0,1.3,0.5,0.5,3.4,12.2,,edwarke02
142,Keon Ellis,24,SAC,SG,57,21,978,3.9,8.5,.461,2.6,6.2,.417,1.4,2.4,.578,.612,1.0,1.3,.743,1.2,3.4,4.6,3.1,1.9,1.1,1.4,4.1,11.4,,elliske01
143,Joel Embiid,29,PHI,C,39,39,1309,12.4,23.4,.529,1.5,3.8,.388,10.9,19.6,.556,.561,11.0,12.4,.883,2.6,9.2,11.8,6.0,1.3,1.8,4.1,3.1,37.2,AS,embiijo01
144,Drew Eubanks,26,PHO,C,75,6,1169,4.7,7.8,.601,0.1,0.1,1.000,4.6,7.7,.596,.607,2.2,2.9,.774,3.2,6.7,9.9,1.9,0.8,1.9,1.9,3.5,11.7,,eubandr01
145,Tosan Evbuomwan,22,2TM,SF,17,8,367,3.5,7.0,.507,1.2,3.1,.375,2.4,3.8,.615,.592,1.7,2.5,.680,1.8,4.1,5.9,1.6,0.6,0.5,0.9,2.3,9.9,,evbuoto01
146,Dante Exum,28,DAL,PG,55,17,1088,5.3,10.0,.533,1.8,3.6,.491,3.6,6.4,.557,.621,1.8,2.3,.779,0.8,4.1,4.9,5.2,0.7,0.2,1.6,2.8,14.2,,exumda01
147,Bruno Fernando,25,ATL,C,45,2,682,5.8,9.9,.583,0.0,0.2,.000,5.8,9.7,.596,.583,3.4,5.1,.667,3.1,7.1,10.2,2.4,1.3,1.5,2.3,5.6,14.9,,fernabr01
148,Dorian Finney-Smith,30,BRK,PF,68,56,1934,4.0,9.5,.421,2.2,6.3,.348,1.8,3.3,.560,.535,0.6,0.9,.717,2.0,3.9,5.9,2.0,1.0,0.7,1.1,2.8,10.8,,finnedo01
149,Adam Flagler,24,OKC,SG,2,0,14,2.6,18.0,.143,2.6,15.4,.167,0.0,2.6,.000,.214,0.0,0.0,,0.0,0.0,0.0,10.3,0.0,0.0,0.0,0.0,7.7,,flaglad01
150,Malachi Flynn,25,3TM,PG,69,0,876,5.6,13.4,.418,2.3,6.9,.331,3.3,6.4,.513,.505,2.1,2.9,.732,0.9,3.8,4.7,5.3,1.6,0.3,2.6,2.7,15.6,,flynnma01
151,Simone Fontecchio,28,2TM,SF,66,43,1644,5.5,12.0,.460,2.9,7.3,.401,2.6,4.7,.551,.582,1.2,1.4,.818,1.4,4.0,5.4,2.2,1.0,0.5,1.5,2.4,15.2,,fontesi01
152,Jordan Ford,25,SAC,PG,6,0,22,6.5,11.5,.571,3.3,4.9,.667,3.3,6.5,.500,.714,3.3,3.3,1.000,0.0,3.3,3.3,3.3,0.0,0.0,1.6,0.0,19.6,,fordjo01
153,Trent Forrest,25,ATL,SG,38,0,414,3.0,7.8,.378,0.2,0.9,.200,2.8,7.0,.400,.389,1.1,1.5,.765,1.0,3.5,4.4,8.0,1.0,0.3,1.7,2.2,7.2,,forretr01
154,Evan Fournier,31,2TM,SG,32,0,580,4.9,13.7,.357,2.0,8.1,.254,2.9,5.6,.505,.432,1.8,2.2,.806,0.3,3.3,3.6,3.0,1.8,0.4,1.3,3.0,13.7,,fournev01
155,De'Aaron Fox,26,SAC,PG,74,74,2659,9.7,21.0,.465,2.9,7.9,.369,6.9,13.1,.522,.534,4.2,5.7,.738,0.9,3.7,4.6,5.7,2.0,0.4,2.6,2.6,26.6,CPOY-12,foxde01
156,Javon Freeman-Liberty,24,TOR,PG,22,6,403,4.9,11.1,.444,0.9,3.8,.238,4.0,7.3,.549,.484,2.9,3.2,.917,1.4,4.8,6.3,3.6,0.9,0.4,2.2,2.5,13.7,,freemja01
157,Alex Fudge,20,2TM,SF,6,0,40,5.4,13.5,.400,0.9,4.5,.200,4.5,9.0,.500,.433,1.8,1.8,1.000,3.6,0.9,4.5,0.0,2.7,0.0,1.8,1.8,13.5,,fudgeal01
158,Markelle Fultz,25,ORL,PG,43,18,910,6.1,12.9,.472,0.2,0.7,.222,5.9,12.2,.487,.479,0.9,1.3,.697,2.2,3.2,5.5,4.7,1.7,0.6,2.0,2.6,13.3,,fultzma01
159,Andrew Funk,24,CHI,SG,5,0,13,0.0,11.1,.000,0.0,8.3,.000,0.0,2.8,.000,.000,0.0,0.0,,0.0,0.0,0.0,0.0,2.8,2.8,0.0,0.0,0.0,,funkan01
160,Wenyen Gabriel,26,MEM,PF,5,0,81,3.6,9.8,.364,0.4,2.7,.167,3.1,7.1,.438,.386,0.0,2.2,.000,3.1,8.0,11.1,1.3,0.9,0.9,3.6,4.4,7.6,,gabriwe01
161,Daniel Gafford,25,2TM,PF,74,66,1815,6.9,9.5,.725,0.0,0.0,,6.9,9.5,.725,.725,2.3,3.5,.674,3.9,7.3,11.1,2.3,1.3,3.0,1.5,4.5,16.1,,gaffoda01
162,Danilo Gallinari,35,3TM,SF,49,0,630,4.7,10.9,.437,1.7,5.3,.323,3.0,5.5,.546,.516,4.8,5.6,.857,1.1,5.0,6.2,3.1,0.8,0.3,1.3,2.9,16.0,,gallida01
163,Darius Garland,24,CLE,PG,57,57,1901,7.1,15.9,.446,2.5,6.7,.371,4.6,9.2,.501,.524,2.8,3.3,.834,0.6,2.3,2.9,7.1,1.4,0.1,3.3,1.8,19.5,,garlada01
164,Usman Garuba,21,GSW,PF,6,0,18,2.0,12.0,.167,0.0,2.0,.000,2.0,10.0,.200,.167,2.0,4.0,.500,6.0,8.0,14.0,2.0,2.0,6.0,4.0,4.0,6.0,,garubus01
165,Luka Garza,25,MIN,C,25,0,122,10.6,22.1,.480,2.7,9.4,.281,8.0,12.7,.628,.540,5.3,7.4,.720,5.6,3.5,9.1,1.2,1.2,0.3,1.8,7.1,29.2,,garzalu01
166,Kaiser Gates,27,NOP,SF,1,0,7,0.0,20.6,.000,0.0,10.3,.000,0.0,10.3,.000,.000,0.0,0.0,,0.0,5.1,5.1,0.0,0.0,0.0,0.0,0.0,0.0,,gateska01
167,Keyonte George,20,UTA,PG,75,44,2023,5.7,14.5,.391,2.6,7.8,.334,3.1,6.7,.459,.482,3.4,4.0,.848,0.3,3.5,3.8,5.9,0.6,0.1,3.3,1.6,17.3,,georgke01
168,Paul George,33,LAC,PF,74,74,2502,8.4,17.8,.471,3.5,8.5,.413,4.9,9.3,.523,.569,3.8,4.2,.907,0.5,5.1,5.6,3.8,1.6,0.5,2.2,2.9,24.0,AS,georgpa01
169,Taj Gibson,38,2TM,PF,20,1,204,2.6,6.5,.405,0.4,1.8,.200,2.3,4.8,.481,.432,0.4,0.4,1.000,2.1,4.4,6.5,1.9,0.5,1.2,0.9,5.5,6.0,,gibsota01
170,Josh Giddey,21,OKC,SG,80,80,2011,7.2,15.2,.475,1.5,4.4,.337,5.7,10.8,.530,.523,1.8,2.2,.806,2.0,7.2,9.2,6.9,0.9,0.8,3.0,2.0,17.7,,giddejo01
171,Harry Giles,25,2TM,C,23,0,100,8.3,18.0,.460,1.1,5.0,.214,7.2,13.0,.556,.490,2.5,4.7,.538,4.3,6.5,10.8,2.2,0.7,1.1,2.2,5.4,20.2,,gilesha01
172,Shai Gilgeous-Alexander,25,OKC,PG,75,75,2553,11.2,21.0,.535,1.3,3.8,.353,9.9,17.2,.576,.567,8.0,9.2,.874,0.9,4.9,5.9,6.6,2.1,0.9,2.3,2.6,31.8,MVP-2DPOY-7CPOY-3ASNBA1,gilgesh01
173,Anthony Gill,31,WAS,PF,50,3,466,5.8,12.4,.469,0.8,3.2,.244,5.0,9.2,.546,.500,2.2,2.8,.806,2.9,4.4,7.3,2.6,1.0,0.8,1.8,3.7,14.6,,gillan01
174,Collin Gillespie,24,DEN,PG,24,0,225,5.1,11.0,.464,2.4,6.1,.395,2.7,5.0,.548,.572,1.3,1.9,.667,0.2,3.2,3.4,4.3,2.1,0.0,2.2,3.8,13.9,,gilleco01
175,Jacob Gilyard,25,2TM,PG,41,14,699,3.1,7.7,.400,2.6,6.5,.405,0.5,1.2,.375,.570,0.1,0.1,1.000,0.5,1.9,2.4,7.1,1.7,0.3,1.5,2.0,8.9,,gilyaja01
176,Rudy Gobert,31,MIN,C,76,76,2593,5.6,8.5,.661,0.0,0.0,.000,5.6,8.5,.664,.661,3.5,5.4,.638,4.0,9.7,13.6,1.4,0.7,2.2,1.6,3.3,14.7,DPOY-1,goberru01
177,Jordan Goodwin,25,2TM,PG,57,12,1055,4.8,13.0,.369,1.4,4.8,.298,3.4,8.2,.411,.424,1.5,2.0,.746,3.0,5.6,8.6,5.3,1.6,0.6,1.9,2.6,12.6,,goodwjo01
178,Aaron Gordon,28,DEN,PF,73,73,2297,6.2,11.2,.556,0.6,2.2,.290,5.6,9.1,.619,.584,2.8,4.2,.658,2.7,4.7,7.4,4.1,0.9,0.7,1.6,2.2,15.9,,gordoaa01
179,Eric Gordon,35,PHO,SG,68,24,1893,5.2,11.8,.443,2.9,7.5,.378,2.4,4.2,.561,.565,1.0,1.2,.797,0.3,2.0,2.3,2.6,1.3,0.6,1.4,1.5,14.2,,gordoer01
180,Devonte' Graham,28,SAS,PG,23,0,313,4.4,12.4,.352,2.9,9.5,.301,1.5,2.9,.520,.468,1.5,1.8,.813,0.6,3.6,4.1,5.6,1.0,0.2,2.0,1.6,13.1,,grahade01
181,Jerami Grant,29,POR,PF,54,54,1830,7.5,16.7,.451,2.2,5.4,.402,5.4,11.3,.474,.516,5.0,6.1,.817,0.7,3.0,3.8,3.0,0.9,0.7,2.3,2.3,22.3,,grantje01
182,RaiQuan Gray,24,SAS,PF,3,0,39,9.2,15.7,.588,2.8,6.5,.429,6.5,9.2,.700,.676,0.0,0.0,,1.8,4.6,6.5,5.5,0.9,0.9,0.9,0.0,21.2,,grayra01
183,A.J. Green,24,MIL,SG,56,0,614,4.9,11.5,.423,4.0,9.9,.408,0.8,1.6,.519,.599,1.0,1.1,.895,0.5,3.2,3.8,1.8,0.5,0.2,0.7,2.9,14.8,,greenaj01
184,Danny Green,36,PHI,SG,2,0,18,0.0,4.0,.000,0.0,2.0,.000,0.0,2.0,.000,.000,0.0,0.0,,0.0,4.0,4.0,2.0,2.0,0.0,0.0,2.0,0.0,,greenda02
185,Draymond Green,33,GSW,PF,55,52,1490,4.5,9.0,.497,1.2,3.1,.395,3.2,5.9,.551,.566,1.3,1.8,.730,1.8,7.8,9.6,8.0,1.3,1.1,3.3,4.0,11.5,,greendr01
186,Jalen Green,21,HOU,SG,82,82,2601,7.8,18.4,.423,2.8,8.4,.332,5.0,10.1,.498,.498,3.9,4.9,.804,0.6,5.3,5.9,4.0,0.9,0.4,2.6,1.6,22.3,,greenja05
187,Javonte Green,30,CHI,SF,9,5,230,7.0,11.7,.600,1.6,4.2,.370,5.5,7.5,.729,.667,1.6,2.0,.769,3.1,7.4,10.5,0.8,1.6,1.3,1.1,3.0,17.2,,greenja02
188,Jeff Green,37,HOU,PF,78,6,1307,4.6,10.1,.456,1.5,4.4,.331,3.1,5.7,.553,.529,3.4,4.1,.819,1.3,3.6,4.9,1.9,0.4,0.9,1.3,2.8,14.0,,greenje02
189,Josh Green,23,DAL,SG,57,33,1505,4.3,8.9,.479,1.7,4.5,.385,2.6,4.5,.572,.575,0.9,1.4,.684,1.0,3.4,4.4,3.1,1.1,0.2,1.4,2.6,11.2,,greenjo02
190,AJ Griffin,20,ATL,SF,20,0,171,3.8,13.1,.290,2.1,8.2,.256,1.7,4.8,.348,.371,0.4,0.4,1.000,0.4,3.4,3.8,1.1,0.2,0.4,1.7,1.3,10.1,,griffaj01
191,Quentin Grimes,23,2TM,SG,51,18,1025,4.3,11.5,.372,2.8,8.4,.338,1.4,3.1,.466,.495,1.2,1.6,.756,0.5,3.0,3.5,2.3,1.2,0.2,1.0,2.6,12.6,,grimequ01
192,Mouhamadou Gueye,25,TOR,PF,11,0,120,3.3,11.4,.289,0.0,0.9,.000,3.3,10.5,.314,.289,1.2,2.7,.444,3.6,3.3,6.9,1.5,0.9,5.4,3.6,4.5,7.8,,gueyemo01
193,Mouhamed Gueye,21,ATL,PF,6,0,73,3.9,11.3,.348,1.5,4.4,.333,2.5,6.9,.357,.413,2.5,3.0,.833,4.9,5.9,10.8,2.0,2.5,2.0,0.5,6.4,11.8,,gueyemo02
194,Rui Hachimura,25,LAL,PF,68,39,1826,7.2,13.3,.537,1.9,4.6,.422,5.2,8.8,.597,.609,2.0,2.6,.739,1.1,4.7,5.8,1.6,0.8,0.5,0.9,2.0,18.2,,hachiru01
195,Ashton Hagans,24,POR,PG,19,1,316,3.3,8.1,.408,0.9,2.8,.320,2.4,5.2,.457,.465,1.6,1.9,.824,1.6,3.5,5.1,6.2,1.3,1.0,3.4,4.6,9.1,,haganas01
196,Tyrese Haliburton,23,IND,PG,69,68,2224,8.1,17.0,.477,3.2,8.7,.364,4.9,8.3,.595,.570,3.1,3.7,.855,0.6,3.8,4.4,12.2,1.3,0.8,2.6,1.2,22.5,ASNBA3,halibty01
197,R.J. Hampton,22,MIA,PG,8,2,76,1.9,6.6,.286,0.5,3.8,.125,1.4,2.8,.500,.321,0.5,0.9,.500,0.9,1.9,2.8,3.8,0.0,0.0,1.4,3.8,4.7,,hamptrj01
198,Tim Hardaway Jr.,31,DAL,SF,79,12,2120,6.7,16.6,.402,3.6,10.1,.353,3.1,6.4,.478,.510,2.4,2.9,.852,0.4,3.9,4.3,2.4,0.7,0.1,1.2,1.8,19.3,6MOY-9,hardati02
199,James Harden,34,LAC,PG,72,72,2470,5.1,12.0,.428,2.7,7.1,.381,2.4,4.9,.497,.541,4.4,5.0,.878,0.5,4.9,5.4,8.9,1.1,0.8,2.7,1.9,17.4,,hardeja01
200,Jaden Hardy,21,DAL,SG,73,7,989,7.1,17.4,.407,2.9,8.2,.362,4.1,9.3,.447,.492,2.1,2.8,.776,0.7,4.0,4.8,4.0,0.8,0.1,2.3,2.9,19.3,,hardyja02
201,Ron Harper Jr.,23,TOR,PF,1,0,4,0.0,0.0,,0.0,0.0,,0.0,0.0,,,0.0,0.0,,0.0,0.0,0.0,9.0,0.0,0.0,0.0,18.0,0.0,,harpero02
202,Gary Harris,29,ORL,SG,54,27,1297,3.6,8.2,.441,2.1,5.7,.371,1.5,2.6,.598,.569,0.9,1.2,.756,0.7,1.9,2.5,2.4,1.4,0.4,0.9,2.5,10.3,,harriga01
203,Joe Harris,32,DET,SG,16,0,170,3.0,8.3,.359,2.1,6.4,.333,0.8,1.9,.444,.487,0.2,0.4,.500,0.6,2.1,2.8,2.1,0.6,0.4,0.8,4.0,8.3,,harrijo01
204,Kevon Harris,26,ORL,SG,2,0,6,12.0,18.0,.667,0.0,0.0,,12.0,18.0,.667,.667,0.0,0.0,,0.0,12.0,12.0,6.0,0.0,0.0,6.0,18.0,24.0,,harrike01
205,Tobias Harris,31,PHI,PF,70,70,2368,7.0,14.5,.487,1.4,3.9,.353,5.7,10.5,.537,.535,2.8,3.2,.878,1.2,5.7,6.9,3.3,1.1,0.7,1.4,1.7,18.3,,harrito02
206,Shaquille Harrison,30,MEM,SG,3,0,6,6.0,12.0,.500,0.0,0.0,,6.0,12.0,.500,.500,0.0,0.0,,0.0,12.0,12.0,0.0,0.0,6.0,0.0,0.0,12.0,,harrish01
207,Josh Hart,28,NYK,SF,81,42,2707,3.9,9.0,.434,1.1,3.4,.310,2.9,5.6,.511,.493,1.2,1.5,.791,1.7,7.3,9.0,4.4,1.0,0.3,1.6,2.3,10.1,,hartjo01
208,Isaiah Hartenstein,25,NYK,C,75,49,1896,4.5,6.9,.644,0.0,0.1,.333,4.4,6.9,.646,.645,2.1,3.0,.707,4.6,7.3,11.9,3.6,1.7,1.6,1.8,4.0,11.1,,harteis01
209,Sam Hauser,26,BOS,SF,79,13,1741,5.1,11.5,.446,4.1,9.6,.424,1.1,1.9,.559,.623,0.4,0.4,.895,0.9,4.8,5.7,1.7,0.8,0.5,0.7,2.0,14.7,,hausesa01
210,Jordan Hawkins,21,NOP,SG,67,10,1160,5.4,14.2,.382,3.4,9.2,.366,2.0,4.9,.411,.501,2.1,2.5,.838,0.9,3.7,4.6,2.2,0.6,0.2,1.2,2.2,16.3,,hawkijo01
211,Jaxson Hayes,23,LAL,C,70,5,877,5.2,7.2,.720,0.0,0.3,.000,5.2,6.9,.754,.720,2.1,3.4,.622,2.8,5.8,8.7,1.4,1.4,1.2,1.8,5.0,12.4,,hayesja02
212,Killian Hayes,22,DET,PG,42,31,1008,4.2,10.1,.413,0.8,2.6,.297,3.4,7.5,.455,.452,1.2,1.8,.660,0.4,3.9,4.2,7.3,1.3,0.7,1.8,2.7,10.3,,hayeski01
213,Gordon Hayward,33,2TM,SF,51,28,1245,5.4,11.7,.464,1.1,2.6,.411,4.3,9.1,.479,.510,2.6,3.5,.742,1.1,4.1,5.2,4.6,1.2,0.4,1.9,1.9,14.5,,haywago01
214,Scoot Henderson,19,POR,PG,62,32,1765,6.3,16.3,.385,1.8,5.5,.325,4.5,10.8,.416,.440,3.4,4.2,.819,1.1,2.9,4.0,6.9,1.0,0.3,4.3,4.0,17.7,,hendesc01
215,Taylor Hendricks,20,UTA,PF,40,23,856,4.5,10.1,.450,2.2,5.9,.379,2.3,4.2,.550,.560,1.0,1.2,.793,1.9,5.8,7.8,1.3,1.2,1.3,1.1,3.2,12.3,,hendrita0
216,Tyler Herro,24,MIA,SG,42,40,1407,8.3,18.8,.441,3.4,8.5,.396,4.9,10.3,.478,.531,2.4,2.8,.856,0.5,5.2,5.7,4.8,0.8,0.1,2.4,1.6,22.4,,herroty01
217,Buddy Hield,31,2TM,SF,84,42,2160,6.2,14.2,.436,3.6,9.5,.386,2.5,4.7,.539,.565,0.9,1.0,.881,1.0,3.5,4.5,3.9,1.2,0.7,1.7,2.8,16.9,,hieldbu01
218,Haywood Highsmith,27,MIA,PF,66,26,1366,4.0,8.7,.465,2.0,5.1,.396,2.0,3.6,.562,.581,0.6,0.9,.639,1.7,3.8,5.5,1.8,1.4,0.8,0.9,3.1,10.7,,highsha01
219,Nate Hinton,24,HOU,SG,15,0,75,5.3,12.5,.423,3.4,6.7,.500,1.9,5.8,.333,.558,1.9,2.4,.800,3.4,7.2,10.6,4.8,1.4,1.0,1.4,5.3,15.8,,hintona01
220,D'Moi Hodge,25,LAL,SG,7,0,41,4.4,13.2,.333,2.6,10.5,.250,1.8,2.6,.667,.433,0.9,1.8,.500,0.0,0.0,0.0,4.4,0.9,0.9,0.9,3.5,12.3,,hodgedm01
221,Aaron Holiday,27,HOU,PG,78,1,1269,5.3,11.8,.446,2.4,6.2,.387,2.9,5.7,.510,.547,1.6,1.8,.921,0.7,2.8,3.5,4.0,1.2,0.2,1.5,3.5,14.6,,holidaa01
222,Jrue Holiday,33,BOS,PG,69,69,2263,5.3,11.0,.480,2.2,5.1,.429,3.1,5.8,.526,.581,1.0,1.1,.833,1.3,4.6,5.9,5.3,1.0,0.8,2.0,1.7,13.7,DPOY-6,holidjr01
223,Justin Holiday,34,DEN,SG,58,9,862,3.7,8.1,.454,2.3,5.7,.404,1.4,2.4,.569,.595,0.1,0.2,.750,0.4,2.6,3.0,2.8,1.5,0.4,0.6,2.9,9.8,,holidju01
224,Richaun Holmes,30,2TM,C,40,10,555,5.3,9.5,.558,0.1,0.2,.333,5.3,9.3,.563,.561,2.2,3.0,.723,4.6,7.2,11.8,1.6,0.7,1.2,1.6,4.8,12.9,,holmeri01
225,Chet Holmgren,21,OKC,C,82,82,2413,7.5,14.2,.530,1.9,5.2,.370,5.6,9.0,.623,.598,3.3,4.1,.793,1.9,7.7,9.7,3.0,0.8,2.8,2.0,2.9,20.2,ROY-2,holmgch01
226,Jalen Hood-Schifino,20,LAL,SG,21,0,109,3.3,14.9,.222,0.7,5.0,.133,2.6,9.9,.267,.244,4.0,6.6,.600,0.7,3.6,4.3,2.6,1.0,0.7,3.0,4.3,11.2,,hoodsja01
227,Al Horford,37,BOS,C,65,33,1740,4.4,8.7,.511,2.2,5.3,.419,2.2,3.3,.658,.640,0.5,0.6,.867,1.7,6.8,8.5,3.5,0.8,1.3,1.0,1.9,11.6,,horfoal01
228,Talen Horton-Tucker,23,UTA,PG,51,11,1009,6.6,16.6,.396,2.1,6.5,.330,4.4,10.1,.438,.460,3.1,3.9,.807,0.7,3.6,4.3,6.3,1.6,0.7,2.3,3.4,18.4,,hortota01
229,Danuel House Jr.,30,PHI,SF,34,4,509,3.3,7.4,.448,1.1,3.5,.300,2.3,3.9,.582,.519,2.5,3.3,.761,1.1,3.0,4.1,2.0,1.1,0.4,1.3,3.2,10.2,,houseda01
230,Caleb Houstan,21,ORL,SF,59,13,815,3.5,9.1,.388,3.2,8.5,.373,0.4,0.6,.615,.563,0.9,1.1,.808,1.2,2.5,3.7,1.3,0.7,0.2,0.7,2.7,11.2,,houstca01
231,Jett Howard,20,ORL,SF,18,0,67,5.4,16.1,.333,3.8,13.4,.280,1.6,2.7,.600,.450,1.1,2.1,.500,0.5,3.2,3.8,3.2,1.1,1.1,1.6,2.1,15.6,,howarje01
232,Kevin Huerter,25,SAC,SG,64,59,1562,5.7,12.9,.443,2.8,7.9,.361,2.9,5.0,.571,.553,0.8,1.1,.766,0.9,4.3,5.2,3.8,1.0,0.5,1.2,3.1,15.1,,huertke01
233,Jay Huff,25,DEN,C,20,0,49,6.6,11.0,.600,2.2,6.6,.333,4.4,4.4,1.000,.700,1.5,1.5,1.000,1.5,6.6,8.1,1.5,1.5,2.2,0.7,6.6,16.9,,huffja01
234,De'Andre Hunter,26,ATL,SF,57,37,1681,6.5,14.2,.459,2.5,6.5,.385,4.0,7.7,.521,.547,3.6,4.2,.847,0.7,4.1,4.8,1.9,0.9,0.3,1.8,3.1,19.1,,huntede01
235,Matthew Hurt,23,MEM,PF,8,0,113,3.8,10.8,.353,1.6,6.4,.250,2.2,4.5,.500,.426,1.0,1.0,1.000,2.9,2.2,5.1,1.3,1.0,1.0,0.6,2.5,10.2,,hurtma01
236,Bones Hyland,23,LAC,PG,37,5,540,6.5,16.7,.386,2.9,9.0,.326,3.5,7.7,.457,.474,1.2,1.5,.783,0.3,3.3,3.7,6.2,1.7,0.3,2.9,3.4,17.1,,hylanbo01
237,Joe Ingles,36,ORL,SF,68,0,1169,3.0,7.0,.436,2.2,5.0,.435,0.9,2.0,.439,.590,0.9,1.0,.824,0.6,3.8,4.4,6.3,1.3,0.2,2.1,2.7,9.1,,inglejo01
238,Brandon Ingram,26,NOP,SF,64,64,2103,8.6,17.4,.492,1.5,4.1,.355,7.1,13.3,.534,.534,4.2,5.3,.801,0.7,4.8,5.5,6.2,0.9,0.7,2.8,2.5,22.8,,ingrabr01
239,Kyrie Irving,31,DAL,SG,58,58,2030,10.0,20.1,.497,3.1,7.5,.411,6.9,12.6,.548,.573,3.4,3.7,.905,0.8,4.4,5.1,5.3,1.3,0.5,1.9,2.0,26.4,CPOY-7,irvinky01
240,Jonathan Isaac,26,ORL,PF,58,2,914,5.8,11.3,.510,1.7,4.4,.375,4.1,6.9,.598,.584,2.3,3.2,.720,2.9,7.4,10.2,1.2,1.7,2.8,1.1,2.5,15.5,6MOY-9,isaacjo01
241,Jaden Ivey,21,DET,SG,77,61,2217,6.8,15.8,.429,2.0,6.0,.336,4.8,9.8,.485,.492,3.7,4.9,.749,1.4,2.9,4.3,4.8,0.9,0.7,3.1,3.3,19.2,,iveyja01
242,Andre Jackson Jr.,22,MIL,SG,57,8,572,3.1,6.3,.500,1.1,2.9,.370,2.1,3.4,.611,.585,0.5,0.7,.727,2.7,4.4,7.1,3.1,1.0,0.4,1.8,5.8,7.9,,jacksan01
243,GG Jackson II,19,MEM,PF,48,18,1233,7.0,16.4,.428,3.0,8.4,.357,4.1,8.1,.502,.519,3.4,4.5,.752,1.5,4.2,5.7,1.7,0.8,0.7,1.9,1.9,20.4,,jacksgg01
244,Isaiah Jackson,22,IND,C,59,3,771,7.2,10.9,.665,0.0,0.2,.000,7.2,10.7,.677,.665,3.4,4.8,.716,4.4,6.7,11.1,2.3,1.6,2.8,1.8,6.4,17.9,,jacksis01
245,Jaren Jackson Jr.,24,MEM,C,66,66,2124,8.7,19.7,.444,2.0,6.2,.320,6.8,13.5,.501,.494,5.7,7.1,.808,1.4,4.7,6.2,2.6,1.4,1.8,2.7,4.0,25.2,,jacksja02
246,Justin Jackson,28,MIN,SF,2,0,1,0.0,0.0,,0.0,0.0,,0.0,0.0,,,0.0,0.0,,0.0,0.0,0.0,0.0,0.0,0.0,0.0,0.0,0.0,,jacksju01
247,Quenton Jackson,25,IND,PG,3,0,11,0.0,3.3,.000,0.0,0.0,,0.0,3.3,.000,.000,6.5,6.5,1.000,0.0,13.1,13.1,6.5,3.3,0.0,0.0,3.3,6.5,,jacksqu01
248,Reggie Jackson,33,DEN,PG,82,23,1817,6.5,15.0,.431,2.0,5.6,.359,4.4,9.4,.475,.499,1.6,1.9,.806,0.7,2.4,3.1,6.1,0.9,0.3,2.1,3.0,16.5,,jacksre01
249,Trayce Jackson-Davis,23,GSW,PF,68,16,1130,7.4,10.6,.702,0.0,0.0,.000,7.4,10.5,.704,.702,2.4,4.2,.561,4.3,6.6,10.9,2.6,0.9,2.4,1.6,3.4,17.2,,jackstr02
250,LeBron James,39,LAL,PF,71,71,2504,9.8,18.2,.540,2.1,5.2,.410,7.7,13.0,.592,.599,4.4,5.8,.750,0.9,6.6,7.4,8.5,1.3,0.5,3.5,1.1,26.2,CPOY-10ASNBA3,jamesle01
251,Jaime Jaquez Jr.,22,MIA,SF,75,20,2113,5.8,11.9,.489,1.1,3.4,.322,4.7,8.4,.558,.536,2.4,3.0,.811,1.4,3.5,4.9,3.3,1.3,0.3,1.9,2.8,15.1,ROY-46MOY-9,jaqueja01
252,DeJon Jarreau,26,MEM,SG,9,0,150,4.1,12.0,.340,1.0,3.1,.308,3.1,8.9,.351,.380,1.2,2.6,.455,1.9,8.6,10.6,6.2,1.4,0.5,2.2,3.4,10.3,,jarrede01
253,DaQuan Jeffries,26,NYK,SG,17,0,46,4.7,13.3,.353,1.6,7.8,.200,3.1,5.5,.571,.412,0.0,1.6,.000,0.0,3.9,3.9,3.9,0.0,0.8,2.3,1.6,11.0,,jeffrda01
254,Trey Jemison,24,2TM,C,25,14,573,4.7,8.5,.551,0.0,0.0,,4.7,8.5,.551,.551,1.3,1.6,.840,4.0,4.4,8.4,1.7,0.8,1.8,2.1,4.3,10.7,,jemistr01
255,Ty Jerome,26,CLE,SG,2,0,15,4.8,9.6,.500,0.0,2.4,.000,4.8,7.2,.667,.500,0.0,0.0,,2.4,0.0,2.4,7.2,0.0,0.0,2.4,4.8,9.6,,jeromty01
256,Isaiah Joe,24,OKC,SG,78,1,1445,5.5,12.1,.458,3.7,8.8,.416,1.9,3.3,.568,.609,1.1,1.3,.865,0.8,3.7,4.5,2.5,1.1,0.5,1.2,2.2,15.8,,joeis01
257,Cameron Johnson,27,BRK,PF,58,47,1599,6.2,13.9,.446,3.1,7.9,.391,3.1,6.0,.519,.557,1.9,2.5,.789,1.2,4.4,5.7,3.1,1.1,0.3,1.3,2.4,17.5,,johnsca02
258,Jalen Johnson,22,ATL,SF,56,52,1889,6.8,13.4,.511,1.4,3.8,.355,5.5,9.6,.574,.562,2.0,2.8,.728,1.4,7.9,9.3,3.9,1.3,0.9,1.9,2.5,17.1,,johnsja05
259,James Johnson,36,IND,PF,9,0,47,2.3,7.7,.300,0.0,1.5,.000,2.3,6.1,.375,.300,1.5,1.5,1.000,0.8,2.3,3.1,6.1,3.8,0.8,3.8,6.9,6.1,,johnsja01
260,Keldon Johnson,24,SAS,SF,69,27,2038,6.9,15.2,.454,2.2,6.5,.346,4.7,8.7,.533,.527,3.1,3.9,.792,1.7,5.0,6.7,3.4,0.9,0.4,1.8,2.6,19.1,,johnske04
261,Keon Johnson,21,BRK,SG,5,0,61,4.7,12.4,.381,2.4,5.9,.400,2.4,6.5,.364,.476,6.5,7.1,.917,1.8,2.4,4.1,1.8,1.8,0.6,3.0,3.0,18.3,,johnske07
262,Keyontae Johnson,23,OKC,SF,9,0,66,2.7,8.7,.313,0.5,1.6,.333,2.2,7.1,.308,.344,0.0,0.0,,2.2,3.3,5.5,2.2,0.5,0.0,2.2,2.7,6.0,,johnske08
263,Nikola Jokić,28,DEN,C,79,79,2737,10.8,18.6,.583,1.1,3.0,.359,9.7,15.5,.626,.612,4.7,5.8,.817,2.9,9.9,12.8,9.3,1.4,0.9,3.1,2.6,27.4,MVP-1CPOY-4ASNBA1,jokicni01
264,Colby Jones,21,SAC,SG,30,0,192,5.2,13.3,.394,0.4,4.1,.091,4.9,9.2,.531,.408,1.1,2.1,.545,3.2,4.3,7.5,3.7,1.3,0.9,1.9,5.4,12.0,,jonesco02
265,Damian Jones,28,CLE,C,39,0,270,5.7,9.6,.597,0.4,1.9,.214,5.3,7.7,.690,.618,2.4,2.8,.857,2.7,5.6,8.3,2.0,0.9,1.7,1.7,3.6,14.3,,jonesda03
266,Derrick Jones Jr.,26,DAL,SF,76,66,1783,4.8,10.0,.483,1.7,4.8,.343,3.2,5.2,.613,.566,2.0,2.7,.713,1.7,3.4,5.0,1.5,1.1,1.0,1.3,2.4,13.3,,jonesde02
267,Herbert Jones,25,NOP,SF,76,76,2321,4.5,9.1,.498,1.8,4.2,.418,2.8,4.9,.568,.595,2.1,2.5,.867,1.1,3.1,4.2,3.1,1.6,1.0,1.4,3.5,13.0,DPOY-5,joneshe01
268,Mason Jones,25,SAC,SG,5,0,28,2.6,10.3,.250,2.6,9.0,.286,0.0,1.3,.000,.375,1.3,2.6,.500,1.3,5.1,6.4,6.4,1.3,0.0,2.6,3.9,9.0,,jonesma05
269,Tre Jones,24,SAS,PG,77,48,2138,5.1,10.1,.505,1.1,3.2,.335,4.0,6.9,.584,.558,1.7,2.0,.856,1.0,3.9,4.9,8.0,1.3,0.2,2.0,1.5,13.0,,jonestr01
270,Tyus Jones,27,WAS,PG,66,66,1933,6.1,12.4,.489,2.0,4.8,.414,4.1,7.6,.537,.569,0.6,0.7,.800,0.4,3.0,3.3,9.0,1.3,0.3,1.2,0.9,14.7,,jonesty01
271,DeAndre Jordan,35,DEN,C,36,2,396,5.3,8.5,.624,0.0,0.0,,5.3,8.5,.624,.624,2.4,4.8,.491,4.9,9.4,14.3,2.4,0.5,1.5,2.1,5.1,12.9,,jordade01
272,Cory Joseph,32,GSW,PG,26,0,296,2.8,7.8,.359,1.6,5.1,.310,1.2,2.7,.455,.461,0.5,0.9,.571,0.7,2.9,3.6,5.1,0.5,0.4,1.5,3.0,7.7,,josepco01
273,Nikola Jović,20,MIA,PF,46,38,896,5.1,11.3,.452,2.6,6.5,.399,2.5,4.7,.525,.568,1.3,1.9,.702,1.0,6.7,7.7,3.6,1.0,0.6,1.7,3.3,14.1,,jovicni01
274,Johnny Juzang,22,UTA,SG,20,5,372,4.9,10.6,.464,3.1,7.5,.416,1.8,3.2,.576,.609,1.0,1.4,.714,0.7,2.8,3.5,2.2,0.4,0.2,1.3,2.8,13.9,,juzanjo01
275,Luke Kennard,27,MEM,SG,39,22,999,5.1,11.4,.448,3.9,8.6,.450,1.2,2.8,.442,.617,1.4,1.6,.889,0.4,3.7,4.1,4.9,0.7,0.1,1.9,1.4,15.5,,kennalu01
276,Walker Kessler,22,UTA,C,64,22,1493,5.5,8.4,.654,0.1,0.5,.211,5.4,8.0,.680,.660,1.4,2.2,.602,4.0,7.6,11.6,1.4,0.7,3.7,1.6,3.2,12.5,,kesslwa01
277,Braxton Key,26,DEN,SF,20,0,60,4.2,10.2,.412,1.2,3.0,.400,3.0,7.2,.417,.471,3.6,4.8,.750,1.8,9.0,10.8,5.4,1.2,0.6,0.6,3.0,13.2,,keybr01
278,Corey Kispert,24,WAS,SF,80,22,2067,6.7,13.8,.486,3.2,8.4,.383,3.5,5.5,.643,.602,2.0,2.7,.726,0.5,3.4,3.9,2.7,0.7,0.3,1.7,2.5,18.6,,kispeco01
279,Maxi Kleber,32,DAL,C,43,7,871,2.6,6.0,.432,1.3,3.8,.348,1.3,2.2,.574,.541,1.4,1.9,.702,1.2,4.7,5.9,2.8,0.7,1.2,1.2,3.3,7.9,,klebima01
280,Kevin Knox,24,DET,SF,31,11,560,5.5,12.0,.462,2.0,6.0,.330,3.5,5.9,.598,.546,1.3,1.4,.909,1.2,3.7,4.8,1.5,0.8,0.5,1.4,3.2,14.3,,knoxke01
281,John Konchar,27,MEM,SF,55,23,1173,2.7,6.4,.423,1.2,3.7,.317,1.5,2.7,.568,.514,0.6,0.8,.840,2.2,5.7,7.9,3.4,1.6,1.6,1.4,2.3,7.2,,konchjo01
282,Furkan Korkmaz,26,PHI,SG,35,0,300,3.6,9.1,.395,1.7,4.8,.350,1.9,4.3,.444,.487,1.7,2.4,.700,0.5,3.1,3.6,3.0,1.7,0.4,1.2,2.0,10.6,,korkmfu01
283,Luke Kornet,28,BOS,C,63,7,983,5.2,7.4,.700,0.0,0.0,1.000,5.2,7.4,.698,.702,1.8,2.0,.907,4.3,5.2,9.6,2.5,0.8,2.2,0.8,2.8,12.2,,kornelu01
284,Vit Krejci,23,ATL,PG,22,14,541,3.4,6.9,.490,1.9,4.5,.412,1.5,2.4,.639,.625,0.3,0.4,.833,0.7,2.7,3.5,3.3,0.9,0.4,1.3,3.2,9.0,,krejcvi01
285,Jonathan Kuminga,21,GSW,PF,74,46,1949,8.4,15.9,.529,1.0,3.0,.321,7.4,12.9,.578,.560,4.1,5.5,.746,1.7,4.9,6.6,3.0,1.0,0.7,2.3,3.1,21.9,,kuminjo01
286,Kyle Kuzma,28,WAS,PF,70,70,2281,9.6,20.7,.463,2.4,7.1,.336,7.2,13.6,.530,.521,2.9,3.8,.775,1.0,6.3,7.3,4.7,0.6,0.8,3.0,2.4,24.5,,kuzmaky01
287,Jock Landale,28,HOU,C,56,3,763,5.0,9.7,.515,0.5,1.9,.250,4.5,7.8,.578,.539,2.5,3.1,.800,4.2,4.0,8.1,3.1,0.9,1.6,1.5,3.5,12.9,,landajo01
288,Jake LaRavia,22,MEM,PF,35,6,806,5.3,13.5,.389,2.4,7.0,.340,2.9,6.6,.442,.477,4.0,4.9,.826,2.3,3.4,5.7,2.6,1.3,0.5,2.0,3.1,16.9,,laravja01
289,Zach LaVine,28,CHI,SG,25,23,872,7.0,15.5,.452,2.4,7.0,.349,4.6,8.5,.536,.531,3.6,4.3,.854,0.3,5.0,5.3,4.0,0.9,0.3,2.1,2.4,20.1,,lavinza01
290,A.J. Lawson,23,DAL,SG,42,0,311,6.3,14.0,.446,1.5,5.8,.260,4.7,8.2,.577,.500,1.7,2.7,.652,1.6,4.2,5.8,2.3,1.2,0.3,1.6,2.5,15.7,,lawsoaj01
291,Saben Lee,24,PHO,PG,24,0,185,3.9,10.7,.364,0.4,3.1,.125,3.5,7.6,.462,.382,5.6,7.6,.744,1.8,4.3,6.0,5.8,1.4,0.6,1.6,2.5,13.8,,leesa01
292,Alex Len,30,SAC,C,48,0,444,4.1,6.6,.617,0.0,0.2,.000,4.1,6.3,.641,.617,1.6,2.8,.588,3.7,6.6,10.4,4.1,0.9,2.7,2.2,5.4,9.7,,lenal01
293,Kawhi Leonard,32,LAC,SF,68,68,2330,9.4,18.0,.525,2.2,5.2,.417,7.3,12.8,.569,.585,3.9,4.4,.885,1.3,5.1,6.4,3.8,1.7,0.9,1.8,1.5,24.9,ASNBA2,leonaka01
294,Caris LeVert,29,CLE,SG,68,10,1958,6.3,15.1,.421,2.0,6.1,.325,4.4,9.0,.486,.487,2.8,3.7,.766,0.7,4.4,5.1,6.4,1.4,0.6,2.2,2.2,17.5,,leverca01
295,Kira Lewis Jr.,22,3TM,PG,28,0,265,4.6,12.5,.370,0.5,4.5,.121,4.1,8.0,.508,.391,2.3,2.7,.850,1.2,2.3,3.5,5.0,1.2,0.3,1.9,1.8,12.1,,lewiski01
296,Maxwell Lewis,21,LAL,SF,34,0,103,1.4,7.3,.190,0.3,3.1,.111,1.0,4.2,.250,.214,0.7,1.0,.667,0.7,0.7,1.4,2.1,0.7,0.3,3.5,1.7,3.8,,lewisma05
297,E.J. Liddell,23,NOP,PF,8,0,23,1.6,9.4,.167,0.0,7.8,.000,1.6,1.6,1.000,.167,3.1,3.1,1.000,0.0,7.8,7.8,1.6,3.1,3.1,3.1,3.1,6.3,,liddeej01
298,Damian Lillard,33,MIL,PG,73,73,2579,7.6,17.8,.424,3.1,8.7,.354,4.5,9.1,.490,.510,6.6,7.2,.920,0.5,4.0,4.5,7.1,1.0,0.3,2.7,1.9,24.8,CPOY-11AS,lillada01
299,Nassir Little,23,PHO,SF,45,2,458,4.5,9.7,.460,1.7,5.5,.300,2.8,4.2,.667,.544,1.3,1.6,.850,1.1,4.8,5.9,1.7,0.8,0.8,1.1,3.1,11.9,,littlna01
300,Dereck Lively II,19,DAL,C,55,42,1294,6.1,8.2,.747,0.0,0.1,.000,6.1,8.2,.752,.747,1.1,2.3,.506,3.8,6.8,10.5,1.7,1.0,2.1,1.4,4.0,13.4,ROY-6,livelde01
301,Isaiah Livers,25,DET,PF,23,6,469,3.1,8.9,.345,1.7,5.9,.286,1.4,3.0,.462,.440,0.9,1.4,.667,1.2,2.5,3.7,1.9,1.0,0.4,1.2,3.3,8.8,,liveris01
302,Chris Livingston,20,MIL,SF,21,0,90,4.4,8.8,.500,0.4,2.0,.200,4.0,6.8,.588,.523,1.2,1.6,.750,1.2,7.2,8.4,2.0,0.8,0.0,2.0,6.0,10.4,,livinch01
303,Kenneth Lofton Jr.,21,3TM,PF,21,0,199,6.5,14.1,.462,1.3,4.3,.292,5.2,9.8,.537,.506,3.1,4.7,.654,2.2,4.7,6.9,6.0,1.1,0.9,2.5,4.3,17.4,,loftoke01
304,Kevon Looney,27,GSW,C,74,36,1195,4.2,7.0,.597,0.0,0.0,.000,4.2,7.0,.599,.597,1.7,2.5,.675,4.3,8.3,12.6,4.0,0.8,0.9,1.5,4.7,10.1,,looneke01
305,Brook Lopez,35,MIL,C,79,79,2411,5.5,11.3,.485,2.2,6.0,.366,3.3,5.2,.621,.583,1.6,2.0,.821,1.7,4.4,6.1,1.9,0.6,2.8,1.2,2.9,14.8,,lopezbr01
306,Robin Lopez,35,MIL,C,16,2,65,3.9,10.5,.368,1.1,4.4,.250,2.8,6.1,.455,.421,1.1,1.1,1.000,1.7,1.1,2.8,2.2,0.6,1.7,1.1,3.9,10.0,,lopezro01
307,Kevin Love,35,MIA,PF,55,5,924,6.2,14.0,.440,3.3,9.5,.344,2.9,4.5,.643,.557,3.3,4.2,.787,2.3,10.9,13.2,4.5,0.7,0.4,1.9,3.8,18.9,,loveke01
308,Kyle Lowry,37,2TM,PG,60,55,1690,3.5,8.0,.432,2.1,5.3,.392,1.4,2.7,.512,.562,1.3,1.6,.840,0.7,3.4,4.1,5.4,1.3,0.4,1.8,3.1,10.4,,lowryky01
309,Seth Lundy,23,ATL,SF,9,0,52,2.8,11.8,.235,2.1,9.0,.231,0.7,2.8,.250,.324,2.1,2.8,.750,0.7,4.2,4.8,0.0,0.0,0.0,0.7,4.2,9.7,,lundyse01
310,Trey Lyles,28,SAC,PF,58,0,1158,4.4,10.0,.445,2.6,6.8,.384,1.8,3.2,.578,.576,1.5,2.2,.700,1.9,6.1,8.0,2.2,0.5,0.6,1.2,2.7,13.0,,lylestr01
311,Théo Maledon,22,2TM,PG,17,1,213,3.4,11.8,.286,0.8,5.1,.167,2.5,6.8,.375,.321,2.4,2.5,.933,0.7,3.4,4.1,4.7,1.2,0.0,3.0,3.5,10.0,,maledth01
312,Sandro Mamukelashvili,24,SAS,C,46,5,451,5.8,12.4,.471,1.5,5.1,.297,4.3,7.3,.593,.532,2.0,2.7,.735,3.6,8.1,11.7,3.9,0.6,1.0,1.5,2.8,15.2,,mamuksa01
313,Terance Mann,27,LAC,SG,75,71,1873,4.9,9.5,.515,1.4,3.9,.348,3.5,5.6,.633,.587,1.5,1.8,.832,1.7,3.2,4.9,2.3,0.8,0.3,0.9,2.8,12.6,,mannte01
314,Tre Mann,22,2TM,PG,41,28,987,5.3,11.5,.459,1.7,4.6,.373,3.6,6.9,.516,.533,1.6,2.2,.763,0.7,4.7,5.4,6.0,1.9,0.1,2.4,1.8,13.9,,manntr01
315,Boban Marjanović,35,HOU,C,14,0,71,9.1,17.2,.529,0.0,1.0,.000,9.1,16.2,.563,.529,4.6,7.1,.643,3.5,12.7,16.2,3.0,0.5,1.0,2.5,2.5,22.8,,marjabo01
316,Lauri Markkanen,26,UTA,PF,55,55,1820,8.4,17.6,.480,3.5,8.7,.399,5.0,8.9,.559,.578,4.9,5.5,.899,2.4,6.5,8.9,2.2,1.0,0.5,1.5,2.0,25.3,,markkla01
317,Naji Marshall,26,NOP,SF,66,1,1257,4.9,10.5,.463,1.7,4.3,.387,3.2,6.2,.516,.542,1.9,2.5,.791,1.5,5.4,6.9,3.7,1.4,0.3,1.9,2.6,13.3,,marshna01
318,Caleb Martin,28,MIA,SF,64,23,1756,4.9,11.5,.431,1.7,4.8,.349,3.3,6.7,.489,.504,1.6,2.0,.778,1.5,4.2,5.8,2.9,1.0,0.6,1.6,2.6,13.1,,martica02
319,Cody Martin,28,CHO,SF,28,22,753,3.9,10.3,.381,1.3,4.1,.314,2.6,6.2,.426,.444,1.0,1.6,.606,0.9,4.3,5.2,5.0,1.5,0.9,2.1,2.3,10.1,,martico01
320,KJ Martin,23,2TM,SF,60,2,746,4.7,8.7,.536,0.4,1.4,.286,4.3,7.4,.582,.558,1.1,2.0,.537,2.0,4.3,6.3,2.5,1.1,0.6,1.5,4.8,10.8,,martike04
321,Garrison Mathews,27,ATL,SG,66,5,992,3.7,8.2,.456,3.1,7.0,.440,0.7,1.2,.545,.644,1.2,1.5,.810,0.6,2.7,3.3,1.3,0.7,0.3,0.7,4.2,11.8,,mathega01
322,Bennedict Mathurin,21,IND,SF,59,19,1538,6.9,15.5,.446,1.9,5.0,.374,5.1,10.5,.481,.507,4.3,5.2,.821,1.4,4.1,5.5,2.8,0.8,0.3,2.3,2.7,20.0,,mathube01
323,Wesley Matthews,37,ATL,SG,36,3,413,3.0,8.5,.351,2.1,6.0,.348,0.9,2.4,.357,.474,1.6,2.1,.750,0.8,3.8,4.6,2.0,1.4,1.0,0.7,3.7,9.6,,matthwe02
324,Tyrese Maxey,23,PHI,PG,70,70,2626,8.7,19.5,.450,2.9,7.8,.373,5.8,11.7,.501,.524,4.5,5.2,.868,0.5,3.0,3.5,5.9,0.9,0.5,1.6,2.1,24.9,MIP-1AS,maxeyty01
325,Skylar Mays,26,2TM,SG,38,5,433,5.2,13.2,.396,1.3,4.5,.296,3.9,8.7,.448,.447,1.1,1.4,.765,0.8,2.7,3.6,7.1,1.7,0.3,1.7,2.2,12.9,,mayssk01
326,Miles McBride,23,NYK,PG,68,14,1328,5.6,12.3,.452,3.0,7.2,.410,2.6,5.1,.511,.572,1.2,1.4,.860,0.8,1.9,2.7,3.1,1.4,0.2,0.8,2.9,15.2,,mcbrimi01
327,CJ McCollum,32,NOP,PG,66,66,2159,8.1,17.6,.459,4.0,9.3,.429,4.1,8.3,.492,.572,1.9,2.3,.827,0.7,4.1,4.8,5.1,1.0,0.7,1.8,2.1,22.0,,mccolcj01
328,T.J. McConnell,31,IND,PG,71,4,1291,9.2,16.5,.556,0.5,1.2,.409,8.7,15.3,.568,.572,1.4,1.7,.790,1.0,4.3,5.3,10.9,2.0,0.2,3.0,2.2,20.3,6MOY-7,mccontj01
329,Jaden McDaniels,23,MIN,SF,72,71,2105,5.3,10.7,.489,1.5,4.4,.337,3.8,6.4,.592,.557,1.0,1.4,.722,1.0,2.9,3.8,1.7,1.1,0.7,1.5,3.7,12.9,,mcdanja02
330,Jalen McDaniels,26,TOR,SF,50,1,538,4.3,12.6,.344,0.8,4.8,.169,3.5,7.9,.449,.376,1.8,2.5,.730,1.2,4.1,5.3,2.5,1.3,0.4,2.0,3.5,11.3,,mcdanja01
331,Doug McDermott,32,2TM,SF,64,0,904,4.9,11.3,.433,3.7,9.1,.410,1.2,2.2,.527,.599,0.4,0.8,.579,0.4,2.0,2.3,2.8,0.6,0.1,1.1,2.5,14.0,,mcderdo01
332,JaVale McGee,36,SAC,C,46,0,339,8.4,14.0,.598,0.1,0.7,.143,8.3,13.3,.624,.602,2.8,4.8,.578,4.5,8.9,13.4,1.8,1.5,2.1,3.6,4.9,19.6,,mcgeeja01
333,Bryce McGowens,21,CHO,SG,59,14,882,4.1,9.4,.439,1.4,4.2,.333,2.7,5.2,.523,.513,2.7,3.5,.776,0.7,3.5,4.2,2.1,0.9,0.4,1.2,3.0,12.3,,mcgowbr01
334,Jordan McLaughlin,27,MIN,PG,56,0,626,4.0,8.3,.483,2.4,5.1,.472,1.6,3.2,.500,.628,0.7,1.0,.722,1.0,3.1,4.1,6.3,2.0,0.4,1.1,1.8,11.2,,mclaujo01
335,De'Anthony Melton,25,PHI,SG,38,33,1023,4.9,12.7,.386,2.7,7.5,.360,2.2,5.1,.425,.493,2.3,2.8,.835,1.0,4.0,5.0,4.0,2.1,0.6,1.4,3.0,14.8,,meltode01
336,Nathan Mensah,25,CHO,C,25,0,307,1.4,3.3,.429,0.0,0.0,,1.4,3.3,.429,.429,1.1,1.4,.750,3.4,4.2,7.6,1.1,0.7,1.6,1.6,7.5,3.9,,mensana01
337,Sam Merrill,27,CLE,SG,61,1,1069,5.3,13.2,.402,4.8,11.9,.404,0.5,1.3,.385,.584,0.9,0.9,.929,0.7,3.3,4.0,3.6,0.6,0.1,0.6,2.4,16.3,,merrisa01
338,Chimezie Metu,26,2TM,C,51,12,859,5.2,10.2,.504,1.2,3.9,.298,4.0,6.3,.633,.561,2.4,2.7,.906,1.7,6.4,8.1,1.9,1.8,0.7,2.2,3.0,13.9,,metuch01
339,Vasilije Micić,30,2TM,PG,60,21,1176,4.9,11.3,.430,1.3,4.7,.279,3.6,6.6,.537,.488,1.9,2.3,.813,0.4,2.3,2.7,8.0,0.9,0.2,3.0,2.1,12.9,,micicva01
340,Khris Middleton,32,MIL,SF,55,55,1487,7.7,15.6,.493,2.3,6.0,.381,5.4,9.6,.563,.566,2.4,2.9,.833,1.0,5.3,6.2,7.1,1.2,0.4,3.1,3.4,20.0,,middlkh01
341,Brandon Miller,21,CHO,SF,74,68,2383,7.2,16.4,.440,2.8,7.4,.373,4.4,8.9,.495,.524,2.2,2.6,.827,0.9,3.9,4.8,2.6,1.0,0.6,2.0,2.8,19.3,ROY-3,millebr02
342,Jordan Miller,24,LAC,SF,8,0,28,6.4,11.6,.556,1.3,2.6,.500,5.1,9.0,.571,.611,2.6,2.6,1.000,3.9,2.6,6.4,0.0,0.0,0.0,1.3,2.6,16.7,,millejo02
343,Leonard Miller,20,MIN,SF,17,0,52,9.0,13.8,.650,1.4,3.5,.400,7.6,10.4,.733,.700,0.7,1.4,.500,3.5,10.4,13.8,5.5,1.4,0.7,0.7,3.5,20.1,,millele01
344,Dariq Whitehead,19,BRK,SF,2,0,24,1.5,7.5,.200,0.0,4.5,.000,1.5,3.0,.500,.200,1.5,3.0,.500,0.0,6.0,6.0,4.5,0.0,1.5,0.0,0.0,4.5,,whiteda01
345,Patty Mills,35,2TM,PG,32,5,415,4.0,11.4,.351,2.1,7.5,.276,1.9,3.8,.500,.443,1.0,1.0,1.000,0.8,2.3,3.0,2.9,1.7,0.1,1.4,2.8,11.0,,millspa02
346,Shake Milton,27,3TM,SG,48,0,581,4.9,12.1,.405,1.1,4.0,.281,3.8,8.1,.466,.451,2.5,3.0,.816,0.9,3.8,4.6,3.7,1.2,0.4,1.9,3.3,13.4,,miltosh01
347,Justin Minaya,24,POR,SF,34,1,381,2.1,7.0,.297,1.1,4.6,.245,0.9,2.4,.400,.378,0.5,0.9,.556,2.8,2.5,5.3,2.0,0.9,0.9,0.9,3.3,5.8,,minayju01
348,Josh Minott,21,MIN,SF,32,0,91,6.7,14.2,.472,1.6,4.0,.400,5.1,10.3,.500,.528,4.7,5.5,.857,1.6,5.1,6.7,3.2,2.0,2.0,0.8,4.0,19.8,,minotjo01
349,Davion Mitchell,25,SAC,PG,72,4,1101,4.8,10.6,.452,1.9,5.2,.361,2.9,5.4,.539,.540,1.0,1.4,.714,0.6,2.5,3.1,4.4,0.6,0.1,1.4,2.8,12.4,,mitchda01
350,Donovan Mitchell,27,CLE,SG,55,55,1942,9.3,20.2,.462,3.4,9.2,.368,6.0,11.0,.539,.545,5.1,5.9,.865,0.9,4.3,5.2,6.2,1.9,0.6,2.9,2.2,27.1,AS,mitchdo01
351,Evan Mobley,22,CLE,PF,50,50,1532,7.5,13.0,.580,0.5,1.4,.373,7.0,11.6,.604,.600,2.9,4.0,.719,2.6,8.4,11.0,3.8,1.1,1.7,2.1,3.1,18.4,,mobleev01
352,Isaiah Mobley,24,CLE,PF,10,0,72,5.0,12.0,.417,1.5,5.0,.300,3.5,7.0,.500,.479,0.0,0.5,.000,1.5,3.5,5.0,3.0,1.0,0.0,1.0,3.0,11.5,,mobleis01
353,Malik Monk,25,SAC,SG,72,0,1872,7.6,17.2,.443,2.8,8.1,.350,4.8,9.0,.528,.526,3.3,3.9,.829,0.5,3.5,4.1,7.1,0.9,0.7,2.9,3.0,21.3,CPOY-126MOY-2,monkma01
354,Moses Moody,21,GSW,SG,66,9,1156,6.0,13.1,.462,2.2,6.2,.360,3.8,6.9,.555,.548,2.3,2.9,.785,2.0,4.1,6.1,1.8,1.3,0.7,1.4,2.8,16.6,,moodymo01
355,Xavier Moon,29,LAC,SG,14,1,119,4.5,13.9,.326,0.6,5.1,.118,3.9,8.8,.448,.348,0.3,0.6,.500,2.4,3.0,5.4,6.4,0.9,0.9,1.5,2.4,10.0,,moonxa01
356,Taze Moore,25,POR,SG,4,0,40,7.2,17.1,.421,0.9,6.3,.143,6.3,10.8,.583,.447,0.9,1.8,.500,3.6,3.6,7.2,4.5,1.8,0.0,2.7,3.6,16.2,,mooreta02
357,Wendell Moore Jr.,22,MIN,SG,25,0,75,4.3,8.6,.500,0.0,2.9,.000,4.3,5.8,.750,.500,0.0,0.0,,0.0,5.8,5.8,2.9,2.4,0.5,1.9,2.4,8.6,,moorewe01
358,Ja Morant,24,MEM,PG,9,9,318,9.1,19.2,.471,1.6,5.8,.275,7.5,13.5,.555,.512,5.9,7.2,.813,0.7,5.0,5.7,8.3,0.8,0.6,3.1,2.2,25.6,,moranja01
359,Marcus Morris,34,2TM,PF,49,7,817,5.1,11.6,.439,2.1,5.2,.403,3.0,6.4,.469,.530,1.6,1.9,.818,1.0,4.9,5.9,1.6,0.7,0.6,1.3,3.3,13.9,,morrima03
360,Markieff Morris,34,DAL,PF,26,1,216,3.8,11.3,.338,2.5,7.0,.357,1.3,4.3,.308,.449,0.8,1.0,.833,0.7,5.8,6.5,2.7,0.8,0.5,2.0,2.0,11.0,,morrima02
361,Monte Morris,28,2TM,PG,33,0,476,4.7,11.6,.405,2.0,5.3,.386,2.6,6.3,.422,.493,1.0,1.4,.684,0.5,3.8,4.3,5.2,1.4,0.7,0.5,1.1,12.4,,morrimo01
362,Trey Murphy III,23,NOP,SF,57,23,1690,5.9,13.2,.443,3.6,9.5,.380,2.3,3.7,.602,.579,2.6,3.2,.815,0.9,5.1,6.0,2.6,1.1,0.6,0.7,1.5,17.9,,murphtr02
363,Dejounte Murray,27,ATL,SG,78,78,2783,8.7,18.9,.459,2.6,7.2,.363,6.1,11.8,.518,.528,2.7,3.4,.794,0.8,4.6,5.4,6.5,1.4,0.3,2.6,1.8,22.7,,murrade01
364,Jamal Murray,26,DEN,PG,59,59,1861,9.2,19.1,.481,2.8,6.6,.425,6.4,12.5,.510,.554,3.0,3.6,.853,0.8,3.9,4.7,7.4,1.1,0.8,2.4,2.0,24.2,,murraja01
365,Keegan Murray,23,SAC,SF,77,77,2588,6.2,13.6,.454,2.5,7.1,.358,3.6,6.5,.560,.548,1.4,1.7,.831,1.5,4.4,5.8,1.8,1.1,0.8,0.9,2.9,16.3,,murrake02
366,Kris Murray,23,POR,SF,62,29,1348,3.9,9.8,.396,1.3,4.9,.268,2.6,4.9,.525,.463,1.0,1.5,.661,2.3,3.7,6.0,2.1,1.4,0.6,1.5,2.5,10.0,,murrakr01
367,Mike Muscala,32,3TM,C,53,6,600,3.4,9.4,.359,1.7,5.8,.292,1.7,3.6,.467,.449,1.0,1.5,.680,2.3,5.2,7.5,2.2,0.5,0.8,1.3,3.1,9.4,,muscami01
368,Svi Mykhailiuk,26,BOS,SF,41,2,413,5.0,11.9,.416,3.7,9.4,.389,1.3,2.5,.517,.569,0.5,0.8,.667,1.0,3.5,4.4,3.1,1.0,0.1,1.0,1.7,14.1,,mykhasv01
369,Larry Nance Jr.,31,NOP,C,61,0,1216,4.1,7.1,.573,0.8,1.9,.415,3.3,5.2,.631,.629,1.4,1.8,.770,2.8,6.3,9.1,3.3,1.8,0.6,1.5,2.9,10.4,,nancela02
370,Pete Nance,23,CLE,PF,8,0,27,1.3,8.0,.167,1.3,1.3,1.000,0.0,6.7,.000,.250,0.0,2.7,.000,0.0,4.0,4.0,0.0,1.3,0.0,1.3,2.7,4.0,,nancepe01
371,Andrew Nembhard,24,IND,PG,68,47,1697,5.5,11.1,.498,1.3,3.6,.357,4.2,7.4,.567,.557,1.0,1.2,.804,0.8,2.2,3.0,5.9,1.3,0.1,2.1,3.0,13.3,,nembhan01
372,Aaron Nesmith,24,IND,SF,72,47,1995,5.7,11.5,.496,2.5,6.0,.419,3.2,5.4,.581,.606,1.9,2.5,.781,1.1,3.8,5.0,1.9,1.2,0.9,1.2,4.3,15.8,,nesmiaa01
373,Georges Niang,30,CLE,PF,82,10,1831,5.6,12.4,.449,2.9,7.8,.376,2.7,4.6,.572,.567,1.0,1.2,.850,0.4,5.0,5.5,1.9,0.6,0.4,1.4,3.8,15.1,,niangge01
374,Daishen Nix,21,MIN,PG,15,0,50,6.5,17.3,.375,4.3,12.2,.353,2.2,5.0,.429,.500,2.2,4.3,.500,0.7,1.4,2.2,4.3,3.6,0.0,3.6,1.4,19.4,,nixda01
375,Zeke Nnaji,23,DEN,PF,58,0,576,4.3,9.3,.463,0.4,1.4,.261,3.9,7.9,.500,.483,2.6,3.9,.677,3.8,4.1,7.9,2.0,0.9,2.4,1.7,5.1,11.6,,nnajize01
376,Jaylen Nowell,24,2TM,SG,13,1,214,5.7,13.1,.436,1.0,4.9,.207,4.7,8.2,.571,.474,1.2,1.5,.778,1.0,3.0,4.0,3.2,0.7,0.3,1.2,2.5,13.6,,nowelja01
377,Markquis Nowell,24,TOR,SG,1,0,4,0.0,9.0,.000,0.0,0.0,,0.0,9.0,.000,.000,18.0,18.0,1.000,18.0,0.0,18.0,18.0,9.0,0.0,0.0,0.0,18.0,,nowelma01
378,Frank Ntilikina,25,CHO,PG,5,0,43,0.8,7.5,.111,0.8,6.7,.125,0.0,0.8,.000,.167,1.7,1.7,1.000,0.8,4.2,5.0,3.3,0.0,0.0,0.8,3.3,4.2,,ntilila01
379,Jusuf Nurkić,29,PHO,C,76,76,2078,5.5,10.9,.510,0.4,1.6,.244,5.2,9.3,.555,.528,2.9,4.5,.640,3.9,10.6,14.5,5.2,1.4,1.4,3.0,4.4,14.4,,nurkiju01
380,Jordan Nwora,25,2TM,SF,52,1,712,7.0,15.1,.462,2.2,6.6,.336,4.8,8.5,.560,.535,2.2,2.7,.830,1.4,6.1,7.5,3.1,1.3,0.7,2.7,2.4,18.4,,nworajo01
381,Royce O'Neale,30,2TM,SF,79,14,1954,3.9,9.9,.397,2.9,7.8,.370,1.1,2.2,.496,.542,0.4,0.6,.686,1.1,5.8,6.9,4.0,1.1,0.8,1.3,3.2,11.2,,onealro01
382,Chuma Okeke,25,ORL,SF,47,8,432,3.3,9.3,.357,1.9,6.8,.280,1.4,2.5,.567,.460,0.3,0.6,.571,1.5,5.2,6.7,1.7,0.7,0.6,1.3,1.6,8.9,,okekech01
383,Josh Okogie,25,PHO,SG,60,11,960,3.2,7.7,.417,1.1,3.5,.309,2.1,4.2,.509,.488,2.8,3.8,.745,2.8,3.0,5.8,2.4,1.8,0.9,1.4,2.5,10.4,,okogijo01
384,Onyeka Okongwu,23,ATL,C,55,8,1405,5.7,9.4,.611,0.6,1.8,.333,5.1,7.6,.676,.642,2.4,3.0,.793,3.7,5.9,9.6,1.9,0.7,1.5,1.2,4.2,14.4,,okongon01
385,Isaac Okoro,23,CLE,SF,69,42,1887,4.5,9.2,.490,1.6,4.1,.391,2.9,5.1,.570,.577,1.8,2.6,.679,1.3,2.7,3.9,2.5,1.1,0.6,1.0,2.7,12.3,,okorois01
386,Kelly Olynyk,32,2TM,C,78,27,1759,5.6,10.2,.555,1.2,3.2,.387,4.4,7.0,.632,.616,3.1,3.7,.833,2.2,6.2,8.4,7.1,1.5,0.6,3.1,4.7,15.6,,olynyke01
387,Eugene Omoruyi,26,WAS,SF,43,0,393,7.4,15.3,.485,1.2,4.2,.283,6.2,11.1,.562,.524,2.9,4.5,.653,3.2,4.6,7.8,3.2,2.5,0.5,1.9,5.7,19.0,,omorueu01
388,Cedi Osman,28,SAS,SF,72,3,1269,5.2,10.9,.479,2.4,6.3,.389,2.8,4.6,.601,.591,1.0,1.5,.673,0.7,4.4,5.1,3.4,1.0,0.3,1.3,3.0,13.9,,osmande01
389,Kelly Oubre Jr.,28,PHI,SF,68,52,2055,6.8,15.4,.441,1.8,5.7,.311,5.0,9.7,.517,.498,3.0,4.1,.750,1.6,4.3,6.0,1.8,1.3,0.8,1.5,3.4,18.4,,oubreke01
390,Chris Paul,38,GSW,PG,58,18,1531,4.8,11.0,.441,1.8,4.9,.371,3.0,6.0,.498,.525,1.0,1.2,.827,0.4,4.9,5.3,9.2,1.6,0.1,1.8,2.5,12.5,,paulch01
391,Cameron Payne,29,2TM,PG,78,10,1304,5.7,13.3,.432,2.9,7.4,.390,2.9,5.9,.486,.541,1.6,1.8,.866,0.6,2.7,3.2,5.7,1.2,0.3,1.8,3.5,16.0,,payneca01
392,Gary Payton II,31,GSW,SG,44,0,680,5.5,9.7,.563,1.1,2.9,.364,4.4,6.8,.648,.617,0.7,1.2,.609,2.4,3.5,6.0,2.5,2.1,1.0,1.4,4.1,12.7,,paytoga02
393,Mãozinha Pereira,23,MEM,SF,7,1,122,5.3,10.3,.514,1.5,3.8,.385,3.8,6.5,.591,.586,2.1,3.0,.700,3.2,7.7,10.9,0.6,1.8,1.2,1.5,3.0,14.2,,pereima01
394,Drew Peterson,24,BOS,PF,3,0,23,6.3,9.4,.667,4.7,7.8,.600,1.6,1.6,1.000,.917,0.0,0.0,,0.0,1.6,1.6,1.6,3.1,0.0,1.6,1.6,17.2,,peterdr01
395,Filip Petrušev,23,2TM,C,3,0,10,3.6,7.2,.500,0.0,0.0,,3.6,7.2,.500,.500,3.6,7.2,.500,0.0,3.6,3.6,0.0,0.0,0.0,0.0,3.6,10.8,,petrufi01
396,Julian Phillips,20,CHI,SF,40,0,323,3.6,8.6,.416,1.3,4.2,.316,2.2,4.3,.513,.494,1.4,2.1,.684,1.3,2.7,4.0,1.4,0.8,0.8,1.1,4.5,9.9,,phillju01
397,Jalen Pickett,24,DEN,SG,27,0,122,4.4,10.3,.429,2.7,7.4,.360,1.8,3.0,.600,.557,0.9,1.2,.750,0.3,3.8,4.1,6.2,1.2,0.0,2.7,3.8,12.4,,pickeja02
398,Scotty Pippen Jr.,23,MEM,PG,21,16,527,6.8,13.9,.493,2.0,4.9,.417,4.8,8.9,.534,.567,2.8,3.8,.745,1.5,3.1,4.6,6.7,2.5,0.7,3.8,4.1,18.5,,pippesc02
399,Mason Plumlee,33,LAC,C,46,11,674,4.6,8.2,.569,0.0,0.3,.000,4.6,7.9,.592,.569,3.7,5.3,.707,3.2,9.3,12.5,2.9,0.7,0.9,1.9,3.6,13.0,,plumlma01
400,Brandin Podziemski,20,GSW,SG,74,28,1968,5.0,10.9,.454,1.6,4.3,.385,3.3,6.6,.499,.529,0.9,1.4,.633,2.2,5.7,7.8,5.0,1.1,0.3,1.6,2.2,12.5,ROY-5,podzibr01
401,Jakob Poeltl,28,TOR,C,50,50,1319,6.8,10.3,.656,0.0,0.0,,6.8,10.3,.656,.656,1.6,2.9,.551,4.0,7.7,11.7,3.5,1.0,2.1,2.1,4.1,15.1,,poeltja01
402,Aleksej Pokusevski,22,2TM,PF,28,0,405,4.4,10.8,.405,1.6,4.9,.327,2.8,5.9,.470,.479,2.7,3.6,.732,1.5,6.4,7.9,3.1,1.3,1.2,1.7,2.0,13.0,,pokusal01
403,Jordan Poole,24,WAS,SG,78,66,2346,7.5,18.2,.413,2.8,8.7,.326,4.7,9.5,.492,.491,2.9,3.4,.877,0.5,2.8,3.3,5.3,1.3,0.4,2.9,3.7,20.8,,poolejo01
404,Craig Porter Jr.,23,CLE,PG,51,6,649,6.4,12.6,.509,0.7,1.9,.353,5.8,10.8,.536,.535,2.3,3.1,.732,1.2,4.9,6.0,6.5,1.2,0.8,2.5,2.2,15.8,,portecr01
405,Jontay Porter,24,TOR,PF,26,5,360,4.0,10.4,.385,2.0,6.0,.333,2.0,4.4,.455,.481,1.5,1.8,.833,2.6,5.6,8.2,6.0,2.0,2.0,2.1,3.5,11.5,,portejo01
406,Michael Porter Jr.,25,DEN,SF,81,81,2565,7.3,15.1,.484,3.1,7.8,.397,4.2,7.4,.575,.586,1.3,1.5,.836,1.5,6.4,7.9,1.7,0.6,0.7,1.3,2.1,19.0,,portemi01
407,Otto Porter Jr.,30,TOR,SF,15,1,174,2.9,6.8,.424,1.7,4.8,.348,1.2,2.1,.600,.545,0.6,0.6,1.000,1.2,4.8,6.0,1.7,1.0,1.0,0.4,3.9,8.1,,porteot01
408,Bobby Portis,28,MIL,PF,82,4,2008,8.4,16.5,.508,1.8,4.4,.407,6.6,12.0,.545,.562,1.8,2.2,.790,2.5,8.3,10.9,1.9,1.2,0.6,1.6,3.4,20.3,6MOY-3,portibo01
409,Kristaps Porziņģis,28,BOS,C,57,57,1690,8.3,16.0,.516,2.3,6.2,.375,5.9,9.8,.606,.589,5.5,6.4,.858,2.1,6.6,8.7,2.4,0.9,2.4,1.9,3.3,24.4,,porzikr01
410,Micah Potter,25,UTA,PF,16,0,186,3.7,7.7,.475,1.7,4.1,.429,1.9,3.7,.526,.588,1.2,1.5,.750,1.9,6.4,8.3,1.2,0.8,1.2,1.0,2.7,10.3,,pottemi01
411,Dwight Powell,32,DAL,C,63,9,836,3.1,4.6,.679,0.0,0.1,.333,3.1,4.4,.689,.684,2.7,3.8,.708,4.2,5.0,9.2,3.6,1.1,0.9,1.4,4.9,9.0,,poweldw01
412,Norman Powell,30,LAC,SG,76,3,1990,6.7,13.9,.486,3.0,6.9,.435,3.7,6.9,.536,.594,2.6,3.1,.831,0.3,3.2,3.5,1.5,0.8,0.4,1.2,2.5,19.1,6MOY-4,powelno01
413,Jason Preston,24,UTA,PG,7,0,71,3.0,9.6,.316,0.0,1.5,.000,3.0,8.1,.375,.316,0.0,0.0,,3.0,5.6,8.6,8.1,1.0,0.5,1.0,1.5,6.1,,prestja01
414,Joshua Primo,21,LAC,SG,2,0,10,3.6,10.8,.333,0.0,3.6,.000,3.6,7.2,.500,.333,0.0,0.0,,3.6,0.0,3.6,0.0,0.0,3.6,14.4,0.0,7.2,,primojo01
415,Taurean Prince,29,LAL,PF,78,49,2108,4.3,9.8,.442,2.4,6.1,.396,1.9,3.7,.519,.566,0.9,1.2,.735,0.4,3.6,3.9,2.0,1.0,0.6,1.2,2.5,11.9,,princta02
416,Payton Pritchard,26,BOS,PG,82,5,1825,5.9,12.5,.468,2.9,7.5,.385,3.0,5.0,.593,.583,0.9,1.1,.821,1.4,3.8,5.2,5.5,0.8,0.1,1.2,2.1,15.5,,pritcpa01
417,Olivier-Maxence Prosper,21,DAL,PF,40,1,336,4.3,11.1,.385,1.4,4.8,.289,2.9,6.3,.458,.447,3.0,4.4,.683,2.7,5.8,8.5,2.4,0.7,0.4,0.9,2.1,13.0,,prospol01
418,Trevelin Queen,26,ORL,SG,14,0,165,3.1,8.3,.368,0.7,3.7,.176,2.4,4.6,.524,.408,2.0,2.6,.750,0.7,3.7,4.4,3.9,1.5,1.1,1.5,3.3,8.7,,queentr01
419,Neemias Queta,24,BOS,C,28,0,333,7.2,11.2,.644,0.0,0.0,,7.2,11.2,.644,.644,2.2,3.0,.714,5.7,7.5,13.2,2.2,1.4,2.3,1.4,5.4,16.6,,quetane01
420,Immanuel Quickley,24,2TM,SG,68,38,1985,7.0,16.2,.434,3.1,7.9,.395,3.9,8.4,.471,.530,3.8,4.4,.853,0.3,4.4,4.7,6.0,0.9,0.2,1.8,2.2,21.0,,quickim01
421,Lester Quiñones,23,GSW,SG,37,0,394,5.1,12.9,.397,2.9,8.0,.364,2.2,4.8,.453,.511,1.8,2.6,.690,1.9,4.7,6.6,3.3,0.5,0.2,1.6,4.0,15.0,,quinole01
422,Jahmi'us Ramsey,22,TOR,SG,7,1,121,5.4,12.2,.439,1.8,6.5,.273,3.6,5.7,.632,.512,1.5,1.8,.833,1.2,5.4,6.5,2.4,2.1,0.0,2.1,3.0,14.0,,ramseja01
423,Julius Randle,29,NYK,PF,46,46,1630,8.7,18.5,.472,1.7,5.4,.311,7.0,13.1,.539,.518,5.2,6.7,.781,2.2,7.2,9.3,5.1,0.6,0.3,3.5,2.8,24.3,AS,randlju01
424,Duop Reath,27,POR,C,68,20,1214,6.8,14.8,.461,2.6,7.3,.359,4.2,7.5,.559,.549,2.0,2.8,.742,2.8,4.7,7.4,2.0,1.0,1.1,1.5,4.8,18.3,,reathdu01
425,Austin Reaves,25,LAL,SG,82,57,2629,6.3,12.9,.486,2.1,5.8,.367,4.1,7.1,.583,.568,3.2,3.7,.853,0.8,4.0,4.8,6.2,0.9,0.3,2.4,2.1,17.8,,reaveau01
426,Cam Reddish,24,LAL,SF,48,26,984,3.3,8.6,.389,1.4,4.0,.336,2.0,4.5,.435,.468,1.5,2.0,.759,1.0,2.6,3.6,1.8,1.7,0.5,1.1,2.3,9.5,,reddica01
427,Paul Reed,24,PHI,C,82,24,1590,5.9,10.9,.540,0.5,1.3,.368,5.4,9.6,.563,.561,1.4,1.9,.718,4.4,6.7,11.0,2.5,1.5,1.9,1.5,4.5,13.6,,reedpa01
428,Naz Reid,24,MIN,C,81,14,1964,7.4,15.6,.477,3.1,7.5,.414,4.3,8.1,.535,.576,2.0,2.7,.736,1.3,6.4,7.8,1.9,1.2,1.3,2.0,3.2,20.0,6MOY-1,reidna01
429,Jared Rhoden,24,DET,SG,17,0,245,4.8,9.7,.500,1.8,4.6,.387,3.1,5.1,.600,.591,0.7,1.2,.625,0.4,4.4,4.8,2.1,0.4,1.9,1.0,4.1,12.2,,rhodeja01
430,Nick Richards,26,CHO,C,67,51,1759,5.3,7.7,.691,0.0,0.0,.000,5.3,7.7,.693,.691,2.7,3.7,.737,3.5,7.5,11.0,1.1,0.5,1.5,1.5,3.6,13.3,,richani01
431,Josh Richardson,30,MIA,SG,43,6,1103,5.0,11.3,.444,2.2,6.2,.347,2.9,5.1,.561,.539,1.7,1.8,.944,0.6,3.4,3.9,3.4,0.8,0.5,1.2,2.5,13.9,,richajo01
432,Duncan Robinson,29,MIA,SF,68,36,1905,5.7,12.8,.450,3.5,8.9,.395,2.2,3.8,.579,.589,1.5,1.7,.889,0.3,3.0,3.3,3.6,0.9,0.3,1.8,3.1,16.5,,robindu01
433,Jerome Robinson,26,GSW,SG,22,0,81,4.9,14.7,.333,0.9,7.6,.118,4.0,7.1,.563,.364,3.1,4.9,.636,0.4,2.2,2.7,2.2,0.4,1.3,0.9,2.2,13.8,,robinje01
434,Mitchell Robinson,25,NYK,C,31,21,768,3.4,6.0,.575,0.0,0.0,,3.4,6.0,.575,.575,1.3,3.1,.409,6.7,5.7,12.3,0.8,1.7,1.6,1.2,2.6,8.1,,robinmi01
435,Orlando Robinson,23,MIA,C,36,7,304,4.3,8.5,.500,0.9,1.8,.533,3.3,6.8,.491,.556,2.3,3.0,.760,3.3,6.6,9.9,4.0,0.8,0.9,2.1,4.1,11.7,,robinor01
436,Jeremiah Robinson-Earl,23,NOP,PF,39,1,334,4.9,10.2,.474,1.4,4.2,.333,3.4,6.0,.571,.542,1.3,1.7,.750,2.5,5.7,8.2,2.3,1.1,0.4,1.7,2.6,12.4,,robinje02
437,David Roddy,22,2TM,PF,65,13,1177,5.0,12.5,.403,1.5,5.0,.293,3.6,7.5,.478,.462,1.4,2.1,.691,1.6,4.8,6.5,2.4,0.8,0.3,1.7,2.2,13.0,,roddyda01
438,Ryan Rollins,21,2TM,PG,13,0,78,6.5,12.5,.519,1.4,1.8,.750,5.1,10.6,.478,.574,6.0,7.8,.765,0.9,5.1,6.0,6.5,4.6,1.4,3.7,3.7,20.3,,rolliry01
439,Derrick Rose,35,MEM,PG,24,7,399,6.9,14.9,.461,1.4,3.7,.366,5.5,11.2,.492,.506,2.2,2.4,.889,0.6,3.4,4.1,7.0,0.7,0.2,2.8,1.9,17.2,,rosede01
440,Terry Rozier,29,2TM,SG,61,60,2040,7.8,17.6,.443,2.6,7.2,.363,5.2,10.4,.498,.518,3.0,3.5,.869,0.6,3.7,4.4,6.0,1.1,0.4,1.9,1.8,21.3,,roziete01
441,Rayan Rupert,19,POR,SG,39,12,633,3.1,9.2,.335,1.6,4.4,.359,1.5,4.7,.313,.422,1.1,1.4,.760,1.4,3.9,5.2,3.5,0.7,0.2,1.8,3.2,8.8,,ruperra01
442,D'Angelo Russell,27,LAL,PG,76,69,2484,7.1,15.7,.456,3.3,7.9,.415,3.9,7.8,.497,.560,2.3,2.8,.828,0.4,3.0,3.4,7.0,1.0,0.5,2.3,2.3,19.8,,russeda01
443,Matt Ryan,26,NOP,SF,28,1,390,4.5,10.4,.434,3.8,8.4,.451,0.7,2.0,.364,.615,1.2,1.3,.929,0.6,3.1,3.7,1.7,0.6,0.1,1.8,3.0,14.0,,ryanma01
444,Domantas Sabonis,27,SAC,C,82,82,2928,7.8,13.1,.594,0.4,1.1,.379,7.4,12.1,.613,.609,3.6,5.1,.704,3.6,10.2,13.8,8.3,0.9,0.6,3.3,3.1,19.6,MVP-8DPOY-10NBA3,sabondo01
445,Luka Šamanić,24,UTA,PF,43,7,404,5.3,14.1,.380,1.2,5.7,.203,4.2,8.4,.500,.421,3.9,5.0,.786,2.0,7.1,9.1,1.7,0.4,0.6,2.5,2.9,15.8,,samanlu01
446,Jermaine Samuels,25,HOU,SF,14,0,60,5.4,8.4,.643,0.0,1.2,.000,5.4,7.2,.750,.643,1.2,1.2,1.000,1.8,6.0,7.8,1.8,0.6,1.2,0.0,3.0,12.0,,samueje01
447,Adama Sanogo,21,CHI,PF,9,0,66,7.6,14.7,.519,0.0,0.0,,7.6,14.7,.519,.519,4.4,6.5,.667,10.4,9.3,19.6,0.0,0.5,0.0,2.7,2.7,19.6,,sanogad01
448,Gui Santos,21,GSW,PF,23,0,192,5.2,10.3,.509,1.9,5.1,.370,3.4,5.2,.643,.600,3.0,3.2,.941,3.2,6.0,9.2,2.6,0.7,0.4,1.3,4.3,15.4,,santogu01
449,Dario Šarić,29,GSW,C,64,9,1098,5.9,12.7,.466,2.4,6.5,.376,3.5,6.3,.560,.562,2.6,3.0,.849,2.4,6.9,9.3,4.7,1.0,0.3,2.6,3.7,16.9,,saricda01
450,Olivier Sarr,24,OKC,C,15,0,98,4.0,7.0,.579,0.7,2.2,.333,3.3,4.8,.692,.632,3.7,5.5,.667,3.7,9.6,13.2,0.7,0.0,2.6,1.1,6.6,12.5,,sarrol01
451,Marcus Sasser,23,DET,PG,71,11,1351,5.8,13.6,.428,2.4,6.4,.375,3.4,7.2,.474,.516,1.5,1.8,.879,0.3,3.0,3.3,6.3,1.2,0.3,2.4,2.7,15.6,,sassema01
452,Admiral Schofield,26,ORL,PF,23,0,84,4.3,11.1,.385,2.6,6.9,.375,1.7,4.3,.400,.500,0.0,0.9,.000,1.3,6.0,7.3,3.0,0.4,0.0,2.1,3.9,11.1,,schofad01
453,Dennis Schröder,30,2TM,PG,80,58,2486,5.8,13.4,.435,2.0,5.3,.375,3.8,8.1,.474,.509,2.6,3.1,.836,0.6,2.9,3.5,7.1,0.9,0.2,2.2,2.4,16.2,,schrode01
454,Dereon Seabron,23,NOP,SG,6,0,55,2.6,8.5,.308,0.7,1.3,.500,2.0,7.2,.273,.346,3.3,3.9,.833,0.7,3.9,4.6,3.3,1.3,0.7,0.0,2.6,9.2,,seabrde01
455,Alperen Sengun,21,HOU,C,63,63,2046,9.3,17.3,.537,0.6,2.0,.297,8.7,15.3,.567,.553,4.3,6.2,.693,3.2,7.1,10.4,5.5,1.3,0.8,2.9,3.7,23.4,,sengual01
456,Brice Sensabaugh,20,UTA,SF,32,11,584,5.2,13.4,.390,2.1,7.1,.296,3.1,6.3,.495,.468,2.3,2.5,.902,1.0,5.3,6.3,3.4,0.8,0.4,2.9,2.7,14.9,,sensabr01
457,Collin Sexton,25,UTA,SG,78,51,2075,8.8,18.0,.487,2.2,5.6,.394,6.6,12.4,.530,.549,5.5,6.4,.859,1.2,2.3,3.6,6.6,1.1,0.3,2.9,2.7,25.3,,sextoco01
458,Landry Shamet,26,WAS,SG,46,5,726,5.9,13.6,.431,2.6,7.8,.338,3.2,5.8,.556,.527,1.9,2.3,.826,0.8,2.3,3.1,2.7,1.2,0.5,1.5,3.8,16.2,,shamela01
459,Day'Ron Sharpe,22,BRK,C,61,1,921,6.6,11.5,.571,0.2,0.6,.267,6.4,10.9,.588,.578,2.9,4.8,.610,6.3,8.9,15.2,3.3,0.9,1.7,2.7,5.1,16.2,,sharpda01
460,Shaedon Sharpe,20,POR,SG,32,25,1059,6.0,14.8,.406,2.0,6.1,.333,3.9,8.6,.457,.475,3.3,4.0,.824,1.4,4.0,5.4,3.2,1.0,0.4,2.4,3.0,17.3,,sharpsh01
461,Ben Sheppard,22,IND,SG,57,1,814,4.0,10.1,.393,2.2,6.9,.314,1.8,3.2,.562,.500,1.0,1.1,.885,0.7,3.3,3.9,2.3,1.5,0.1,0.7,3.9,11.1,,sheppbe01
462,Pascal Siakam,29,2TM,PF,80,80,2657,9.2,17.2,.536,1.2,3.3,.346,8.1,13.9,.581,.569,3.9,5.4,.732,1.9,5.8,7.7,4.6,0.9,0.3,1.9,2.6,23.5,,siakapa01
463,Ben Simmons,27,BRK,PG,15,12,359,4.3,7.4,.581,0.0,0.0,,4.3,7.4,.581,.581,0.6,1.5,.400,3.1,8.8,11.9,8.6,1.2,0.9,2.7,3.6,9.2,,simmobe01
464,Kobi Simmons,26,TOR,PG,4,0,67,4.8,11.3,.429,1.1,4.3,.250,3.8,7.0,.538,.476,0.0,0.0,,0.5,3.2,3.8,6.4,3.2,1.1,0.5,2.7,10.7,,simmoko01
465,Anfernee Simons,24,POR,SG,46,46,1582,8.2,19.0,.430,3.5,9.2,.385,4.6,9.8,.472,.523,3.7,4.1,.916,0.5,3.3,3.8,5.8,0.5,0.1,2.9,2.2,23.6,,simonan01
466,Zavier Simpson,26,MEM,PG,7,0,161,3.8,12.1,.315,1.1,3.8,.294,2.7,8.3,.324,.361,0.7,0.9,.750,0.9,3.6,4.5,5.6,1.6,0.7,2.2,2.5,9.4,,simpsza01
467,Jericho Sims,25,NYK,C,45,11,585,2.3,3.4,.691,0.0,0.0,,2.3,3.4,.691,.691,1.0,1.5,.667,3.4,5.6,9.0,1.5,0.5,1.2,1.0,2.8,5.7,,simsje01
468,Dmytro Skapintsev,25,NYK,C,2,0,2,0.0,18.0,.000,0.0,0.0,,0.0,18.0,.000,.000,0.0,0.0,,0.0,0.0,0.0,0.0,0.0,0.0,0.0,0.0,0.0,,skapidm01
469,Jalen Slawson,24,SAC,SF,12,0,37,3.9,5.8,.667,0.0,1.9,.000,3.9,3.9,1.000,.667,0.0,0.0,,1.0,5.8,6.8,1.9,1.0,1.0,1.9,7.8,7.8,,slawsja01
470,Javonte Smart,24,PHI,PG,1,0,1,0.0,0.0,,0.0,0.0,,0.0,0.0,,,0.0,0.0,,0.0,0.0,0.0,0.0,0.0,0.0,0.0,0.0,0.0,,smartja01
471,Marcus Smart,29,MEM,PG,20,20,605,6.1,14.1,.430,2.5,8.0,.313,3.6,6.1,.583,.519,2.6,3.3,.768,0.4,2.8,3.2,5.1,2.4,0.3,3.7,3.2,17.2,,smartma01
472,Dennis Smith Jr.,26,BRK,PG,56,2,1059,5.0,11.5,.435,1.1,3.7,.294,3.9,7.8,.502,.482,1.5,2.0,.741,1.7,3.9,5.6,6.9,2.3,0.4,2.3,4.1,12.5,,smithde03
473,Dru Smith,26,MIA,SG,9,0,131,4.1,9.1,.455,1.9,4.7,.412,2.2,4.4,.500,.561,0.5,0.5,1.000,1.6,2.2,3.8,3.8,2.5,0.8,1.4,3.3,10.7,,smithdr01
474,Ish Smith,35,CHO,PG,43,5,741,3.2,7.7,.418,0.2,0.4,.500,3.0,7.3,.413,.430,0.1,0.2,.750,0.5,3.2,3.7,7.0,0.8,0.2,2.3,2.4,6.8,,smithis01
475,Jabari Smith Jr.,20,HOU,PF,76,76,2424,5.6,12.4,.454,2.0,5.6,.363,3.6,6.7,.530,.537,2.2,2.7,.811,2.1,7.1,9.1,1.8,0.8,0.9,1.3,3.0,15.5,,smithja05
476,Jalen Smith,23,IND,C,61,14,1047,8.0,13.6,.592,2.1,5.0,.424,5.9,8.6,.689,.670,2.5,3.6,.692,3.9,7.7,11.6,2.2,0.6,1.3,1.5,4.3,20.7,,smithja04
477,Nick Smith Jr.,19,CHO,SG,51,0,729,5.6,14.3,.391,3.1,7.2,.432,2.5,7.1,.350,.500,0.6,0.7,.867,0.9,2.7,3.6,2.9,0.5,0.3,1.9,2.7,14.9,,smithni01
478,Terquavion Smith,21,PHI,PG,16,0,84,7.7,19.7,.391,5.6,15.0,.371,2.1,4.7,.455,.533,1.3,2.1,.600,0.0,1.7,1.7,5.1,3.4,0.0,3.0,3.4,22.3,,smithte01
479,Jeremy Sochan,20,SAS,PF,74,73,2193,5.6,12.7,.438,1.1,3.7,.308,4.4,9.0,.492,.483,1.8,2.4,.771,2.2,5.6,7.8,4.1,1.0,0.7,2.3,2.8,14.1,,sochaje01
480,Pat Spencer,27,GSW,PG,6,0,26,2.8,5.5,.500,0.0,2.8,.000,2.8,2.8,1.000,.500,0.0,0.0,,2.8,2.8,5.5,6.9,0.0,0.0,1.4,1.4,5.5,,spencpa01
481,Jaden Springer,21,2TM,PG,49,2,507,4.2,10.5,.399,0.7,3.4,.208,3.5,7.1,.490,.432,2.5,3.0,.833,2.3,3.2,5.5,3.1,2.6,1.1,2.4,4.7,11.6,,sprinja01
482,Lamar Stevens,26,2TM,PF,38,3,559,7.0,15.5,.450,0.9,3.0,.304,6.1,12.5,.485,.479,2.7,3.5,.778,2.3,5.9,8.2,1.8,1.5,1.4,1.5,2.9,17.5,,stevela01
483,Isaiah Stewart,22,DET,PF,46,45,1423,4.7,9.7,.487,1.7,4.4,.383,3.0,5.2,.575,.575,1.6,2.2,.753,1.9,5.8,7.7,1.8,0.4,1.0,1.7,2.5,12.7,,stewais01
484,Julian Strawther,21,DEN,SF,50,0,545,5.4,14.7,.369,2.7,9.1,.297,2.7,5.5,.488,.462,1.5,2.0,.710,0.3,3.7,4.0,3.1,1.1,0.5,1.5,3.6,15.0,,strawju01
485,Max Strus,27,CLE,SF,70,70,2239,4.9,11.7,.418,2.7,7.7,.351,2.2,4.0,.546,.533,1.2,1.6,.794,1.1,4.4,5.4,4.6,1.0,0.5,1.8,2.7,13.7,,strusma01
486,Jalen Suggs,22,ORL,SG,75,75,2025,6.0,12.7,.471,2.7,6.8,.397,3.3,5.8,.556,.578,2.1,2.8,.756,0.9,3.2,4.1,3.6,1.9,0.8,2.3,3.6,16.8,DPOY-10,suggsja01
487,Cole Swider,24,MIA,SF,18,0,87,6.2,15.7,.395,4.1,12.4,.333,2.1,3.3,.625,.526,0.8,0.8,1.000,0.4,2.5,2.9,2.1,0.4,0.4,3.3,1.7,17.4,,swideco01
488,Jae'Sean Tate,28,HOU,SF,65,9,1031,3.8,8.0,.472,0.8,2.7,.299,3.0,5.3,.559,.522,0.9,1.4,.667,2.1,4.7,6.9,2.2,1.5,0.5,1.3,4.8,9.3,,tateja01
489,Jayson Tatum,25,BOS,PF,74,74,2645,9.1,19.4,.471,3.1,8.3,.376,6.0,11.1,.542,.552,5.6,6.8,.833,0.9,7.3,8.2,5.0,1.0,0.6,2.6,2.0,27.0,MVP-6CPOY-9ASNBA1,tatumja01
490,Terry Taylor,24,CHI,PF,31,0,188,3.8,7.5,.513,0.4,1.7,.222,3.4,5.7,.600,.538,0.8,1.0,.800,3.3,3.8,7.1,1.9,1.0,0.4,1.3,3.3,8.8,,taylote01
491,Garrett Temple,37,TOR,SG,27,2,289,3.6,9.7,.372,1.5,5.0,.300,2.1,4.7,.447,.449,2.2,2.7,.818,2.2,3.4,5.6,3.5,1.5,0.4,1.7,3.5,11.0,,templga01
492,Dalen Terry,21,CHI,SG,59,2,681,3.6,8.3,.439,0.9,3.9,.230,2.7,4.4,.627,.494,1.3,2.3,.581,1.5,4.4,6.0,4.3,1.4,1.0,1.7,4.3,9.5,,terryda01
493,Daniel Theis,31,2TM,C,60,3,1015,5.5,10.4,.532,0.9,2.5,.366,4.6,7.9,.586,.577,1.3,1.8,.760,3.0,5.6,8.7,2.2,0.7,1.8,1.5,4.5,13.3,,theisda01
494,Cam Thomas,22,BRK,SG,66,51,2075,9.1,20.6,.442,2.5,6.9,.364,6.6,13.8,.481,.503,5.0,5.8,.856,0.5,3.2,3.7,3.3,0.8,0.3,2.2,2.4,25.7,,thomaca02
495,Isaiah Thomas,34,PHO,PG,6,0,19,5.7,18.9,.300,3.8,7.6,.500,1.9,11.4,.167,.400,0.0,0.0,,0.0,0.0,0.0,5.7,0.0,0.0,0.0,0.0,15.2,,thomais02
496,Amen Thompson,21,HOU,SF,62,23,1388,6.2,11.6,.536,0.2,1.5,.138,6.0,10.1,.595,.545,2.7,4.0,.684,3.8,6.8,10.6,4.2,2.0,1.0,2.3,3.7,15.4,,thompam01
497,Ausar Thompson,21,DET,SF,63,38,1583,5.3,10.9,.483,0.5,2.6,.186,4.8,8.3,.575,.505,1.6,2.7,.597,2.9,6.2,9.1,2.7,1.5,1.3,1.9,4.0,12.6,,thompau01
498,Klay Thompson,33,GSW,SF,77,63,2284,7.7,17.9,.432,4.2,10.9,.387,3.5,7.0,.503,.551,2.0,2.2,.927,0.6,3.5,4.0,2.8,0.8,0.6,1.8,2.0,21.7,,thompkl01
499,Tristan Thompson,32,CLE,C,49,0,549,4.8,7.9,.608,0.0,0.1,.000,4.8,7.8,.613,.608,1.0,3.4,.288,4.8,6.6,11.4,3.3,0.8,0.9,1.9,3.9,10.6,,thomptr01
500,JT Thor,21,CHO,PF,63,3,781,3.7,8.4,.437,1.3,3.7,.346,2.4,4.7,.510,.514,0.5,0.9,.550,2.0,4.7,6.7,1.3,0.5,1.2,0.7,2.8,9.2,,thorjt01
501,Matisse Thybulle,26,POR,SF,65,19,1487,3.1,7.7,.397,1.9,5.6,.346,1.1,2.1,.535,.524,0.5,0.7,.759,0.7,2.6,3.3,2.2,2.7,1.2,1.0,2.3,8.6,,thybuma01
502,Xavier Tillman Sr.,25,2TM,PF,54,15,974,4.5,10.3,.434,0.7,3.0,.247,3.7,7.3,.510,.470,0.8,1.8,.440,2.6,5.2,7.8,2.8,1.9,1.6,1.3,2.8,10.5,,tillmxa01
503,Jacob Toppin,23,NYK,SF,9,0,38,4.7,8.5,.556,0.9,3.8,.250,3.8,4.7,.800,.611,1.9,1.9,1.000,2.8,3.8,6.6,2.8,0.0,0.9,0.9,2.8,12.3,,toppija01
504,Obi Toppin,25,IND,PF,82,28,1730,6.9,12.0,.573,2.1,5.3,.403,4.8,6.8,.706,.661,1.6,2.1,.770,1.8,4.9,6.7,2.7,1.0,0.9,1.4,3.0,17.5,,toppiob01
505,Juan Toscano-Anderson,30,SAC,SF,11,0,53,2.0,8.2,.250,0.7,2.7,.250,1.4,5.4,.250,.292,0.0,0.0,,2.7,6.8,9.5,2.7,0.7,0.7,1.4,7.5,4.8,,toscaju01
506,Karl-Anthony Towns,28,MIN,PF,62,62,2026,8.5,16.9,.504,2.4,5.8,.416,6.1,11.1,.550,.575,4.5,5.2,.873,1.7,7.5,9.2,3.4,0.8,0.7,3.1,3.6,24.0,AS,townska01
507,Gary Trent Jr.,25,TOR,SG,71,41,1994,6.5,15.3,.426,3.2,8.2,.393,3.3,7.1,.464,.531,1.3,1.7,.771,0.5,2.9,3.4,2.1,1.4,0.2,0.8,1.7,17.6,,trentga02
508,Oscar Tshiebwe,24,IND,PF,8,0,42,8.6,17.1,.500,0.0,0.0,,8.6,17.1,.500,.500,5.1,6.9,.750,6.9,6.9,13.7,1.7,1.7,0.9,0.0,2.6,22.3,,tshieos01
509,P.J. Tucker,38,2TM,PF,31,10,486,1.3,3.7,.360,1.0,2.6,.371,0.4,1.1,.333,.490,0.2,0.2,1.000,2.1,4.2,6.3,1.2,1.2,0.5,0.6,4.0,3.9,,tuckepj01
510,Myles Turner,27,IND,C,77,77,2076,8.3,15.8,.524,2.0,5.6,.358,6.2,10.1,.615,.587,4.2,5.5,.773,2.0,7.3,9.2,1.7,0.7,2.5,1.9,4.0,22.8,,turnemy01
511,Hunter Tyson,23,DEN,PF,18,0,48,6.0,15.0,.400,3.0,10.5,.286,3.0,4.5,.667,.500,0.0,0.0,,0.7,6.0,6.8,1.5,0.7,0.0,1.5,7.5,15.0,,tysonhu01
512,Stanley Umude,24,DET,SG,24,2,307,4.3,9.9,.440,2.8,6.2,.453,1.5,3.6,.419,.583,3.4,3.8,.906,0.9,5.0,6.0,1.3,0.9,0.8,1.6,4.7,14.9,,umudest01
513,Jonas Valančiūnas,31,NOP,C,82,82,1925,7.5,13.4,.559,0.7,2.2,.308,6.8,11.2,.609,.585,3.0,3.8,.785,3.5,10.0,13.5,3.2,0.6,1.3,2.1,4.1,18.7,,valanjo01
514,Jarred Vanderbilt,24,LAL,PF,29,6,581,3.7,7.1,.518,0.5,1.7,.296,3.2,5.4,.586,.553,1.5,2.2,.667,2.5,6.0,8.6,2.2,2.2,0.3,1.7,2.7,9.3,,vandeja01
515,Fred VanVleet,29,HOU,PG,73,73,2684,5.7,13.7,.416,3.0,7.9,.387,2.6,5.8,.454,.527,2.6,3.1,.860,0.4,3.3,3.7,7.9,1.4,0.8,1.7,2.5,17.0,,vanvlfr01
516,Devin Vassell,23,SAS,SG,68,62,2248,8.0,16.9,.472,2.7,7.1,.372,5.3,9.8,.544,.550,2.6,3.2,.801,0.4,3.7,4.2,4.4,1.2,0.4,1.7,1.2,21.2,,vassede01
517,Sasha Vezenkov,28,SAC,PF,42,0,511,5.9,13.5,.440,3.2,8.5,.375,2.7,5.0,.549,.558,0.8,1.1,.800,2.1,4.6,6.8,1.3,1.4,0.5,0.8,3.0,15.9,,vezenal01
518,Gabe Vincent,27,LAL,PG,11,0,218,2.5,8.1,.306,0.5,4.6,.107,2.0,3.5,.571,.337,0.2,0.3,.500,0.7,0.8,1.5,3.5,1.5,0.0,0.8,3.1,5.6,,vincega01
519,Nikola Vučević,33,CHI,C,76,74,2610,8.1,16.7,.484,1.3,4.3,.294,6.8,12.4,.550,.522,1.5,1.8,.822,2.9,8.2,11.0,3.5,0.7,0.8,1.7,2.6,18.9,,vucevni01
520,Tristan Vukcevic,20,WAS,C,10,4,153,6.8,15.8,.433,2.4,8.5,.278,4.5,7.3,.613,.507,4.0,5.2,.773,1.4,7.1,8.5,3.1,1.2,1.6,2.4,6.6,20.0,,vukcetr01
521,Dean Wade,27,CLE,PF,54,32,1108,3.1,7.5,.414,2.6,6.6,.391,0.6,1.0,.567,.584,0.6,0.8,.769,1.2,5.9,7.1,1.4,1.3,0.8,0.6,3.0,9.5,,wadede01
522,Franz Wagner,22,ORL,SF,72,72,2337,8.1,16.9,.482,1.4,5.1,.281,6.7,11.7,.570,.525,4.2,4.9,.850,1.1,4.8,5.9,4.1,1.2,0.4,2.1,2.6,21.9,,wagnefr01
523,Moritz Wagner,26,ORL,C,80,1,1415,8.4,14.0,.601,1.0,2.9,.330,7.5,11.1,.673,.636,4.2,5.2,.814,3.0,5.9,8.8,2.4,1.0,0.5,2.5,4.1,22.1,,wagnemo01
524,Ish Wainright,29,2TM,SF,11,0,62,4.1,13.9,.292,4.1,11.6,.350,0.0,2.3,.000,.438,1.2,1.2,1.000,1.7,6.4,8.1,0.6,2.3,0.6,1.2,4.6,13.4,,wainris01
525,Jabari Walker,21,POR,SF,72,23,1700,5.0,10.8,.460,0.9,2.9,.295,4.1,7.8,.522,.500,2.7,3.6,.754,3.2,7.6,10.8,1.5,0.9,0.5,1.4,3.7,13.5,,walkeja01
526,Jarace Walker,20,IND,PF,33,0,340,4.8,11.6,.409,2.3,5.8,.400,2.4,5.8,.418,.509,0.8,1.0,.889,1.3,5.4,6.7,4.2,1.6,1.2,1.8,3.1,12.7,,walkeja02
527,Lonnie Walker IV,25,BRK,SG,58,0,1011,7.4,17.5,.423,3.7,9.6,.384,3.7,7.9,.471,.528,1.6,2.1,.763,0.5,4.1,4.5,2.6,1.1,0.7,1.8,2.5,20.1,,walkelo01
528,Cason Wallace,20,OKC,SG,82,13,1692,4.6,9.4,.491,2.1,5.0,.419,2.5,4.4,.572,.602,0.6,0.8,.784,1.1,2.9,4.0,2.6,1.6,0.8,1.0,2.7,11.9,,wallaca01
529,Jordan Walsh,19,BOS,SF,9,1,83,2.6,6.5,.400,0.9,3.9,.222,1.7,2.6,.667,.467,0.4,0.9,.500,2.2,6.5,8.7,2.2,2.2,0.4,1.3,4.8,6.5,,walshjo01
530,T.J. Warren,30,MIN,SF,11,0,125,5.2,11.8,.439,0.6,3.7,.154,4.6,8.1,.571,.463,0.9,1.2,.750,1.4,4.9,6.3,2.6,1.2,0.3,1.2,3.2,11.8,,warretj01
531,P.J. Washington,25,2TM,PF,73,45,2221,5.7,13.1,.436,2.1,6.7,.320,3.6,6.5,.558,.518,1.6,2.4,.683,1.4,5.3,6.7,2.3,1.2,1.0,1.6,2.7,15.2,,washipj01
532,TyTy Washington Jr.,22,MIL,PG,11,0,56,3.9,12.9,.300,1.3,3.9,.333,2.6,9.0,.286,.350,0.0,0.0,,0.6,2.6,3.2,3.2,1.9,0.0,1.3,0.6,9.0,,washity02
533,Yuta Watanabe,29,2TM,SF,34,0,464,3.2,9.0,.353,1.9,6.6,.294,1.2,2.4,.516,.461,0.8,1.3,.588,0.9,3.3,4.2,1.2,0.9,0.5,1.5,3.0,9.1,,watanyu01
534,Lindy Waters III,26,OKC,SG,38,0,280,6.3,13.4,.471,4.8,10.9,.435,1.5,2.4,.632,.649,0.3,0.3,1.000,0.9,4.2,5.1,3.1,0.6,0.9,0.9,3.0,17.6,,waterli01
535,Trendon Watford,23,BRK,PF,63,2,856,6.9,13.1,.527,1.1,2.9,.397,5.8,10.2,.564,.571,3.2,4.1,.794,2.2,6.0,8.2,3.4,1.0,0.8,2.6,4.5,18.2,,watfotr01
536,Peyton Watson,21,DEN,SF,80,4,1488,5.0,10.8,.465,1.1,3.7,.296,3.9,7.1,.553,.516,1.7,2.6,.670,1.4,4.9,6.2,2.1,1.0,2.1,1.4,3.5,12.9,,watsope01
537,Victor Wembanyama,20,SAS,C,71,71,2106,9.4,20.3,.465,2.2,6.7,.325,7.2,13.5,.534,.519,5.0,6.3,.796,2.8,10.2,12.9,4.7,1.5,4.3,4.4,2.6,26.0,ROY-1DPOY-2,wembavi01
538,Blake Wesley,20,SAS,SG,61,3,876,4.2,8.8,.474,0.5,2.3,.218,3.7,6.6,.563,.502,2.1,3.2,.667,0.7,3.1,3.9,6.8,1.2,0.4,2.3,3.7,11.0,,weslebl01
539,Russell Westbrook,35,LAC,PG,68,11,1529,7.1,15.6,.454,1.0,3.6,.273,6.1,12.0,.509,.486,2.6,3.8,.688,2.2,5.9,8.1,7.2,1.7,0.5,3.4,2.8,17.8,6MOY-7,westbru01
540,Coby White,23,CHI,PG,79,78,2881,6.8,15.1,.447,2.6,6.9,.376,4.1,8.2,.508,.534,2.7,3.2,.838,0.5,3.9,4.5,5.1,0.7,0.2,2.1,2.3,18.9,,whiteco01
541,Derrick White,29,BOS,SG,73,73,2381,5.9,12.7,.461,3.0,7.5,.396,2.9,5.2,.555,.578,2.1,2.3,.901,0.8,3.9,4.7,5.7,1.1,1.3,1.7,2.3,16.7,DPOY-8,whitede01
542,Jack White,26,MEM,SF,4,0,64,1.1,9.0,.125,1.1,5.6,.200,0.0,3.4,.000,.188,0.0,0.0,,2.3,4.5,6.8,0.6,2.3,0.6,1.1,1.7,3.4,,whiteja03
543,Cam Whitmore,19,HOU,SF,47,2,880,8.7,19.1,.454,3.2,9.0,.359,5.4,10.1,.538,.539,3.1,4.6,.679,1.8,5.6,7.4,1.4,1.2,0.7,1.9,2.6,23.7,,whitmca01
544,Aaron Wiggins,25,OKC,SG,78,4,1228,6.2,11.1,.562,1.8,3.7,.492,4.4,7.4,.598,.645,1.6,2.1,.789,1.8,3.7,5.5,2.5,1.6,0.6,1.6,2.7,15.9,,wiggiaa01
545,Andrew Wiggins,28,GSW,SF,71,59,1920,6.6,14.6,.453,1.7,4.8,.358,4.9,9.9,.498,.511,2.7,3.5,.751,2.0,4.0,6.0,2.2,0.8,0.8,1.6,2.8,17.6,,wiggian01
546,Lindell Wigginton,25,MIL,PG,3,0,8,9.0,22.5,.400,0.0,9.0,.000,9.0,13.5,.667,.400,9.0,9.0,1.000,0.0,0.0,0.0,0.0,0.0,0.0,4.5,4.5,27.0,,wiggili01
547,Alondes Williams,24,MIA,SG,7,0,16,4.5,18.0,.250,0.0,9.0,.000,4.5,9.0,.500,.250,2.3,2.3,1.000,0.0,2.3,2.3,0.0,0.0,2.3,4.5,4.5,11.3,,willial06
548,Brandon Williams,24,DAL,PG,17,0,113,6.4,17.2,.370,1.0,4.8,.200,5.4,12.4,.436,.398,3.5,5.4,.647,1.3,2.9,4.1,5.4,0.3,0.3,2.2,1.3,17.2,,willibr03
549,Grant Williams,25,2TM,PF,76,43,2130,4.7,10.2,.456,2.1,5.7,.375,2.5,4.5,.558,.560,1.8,2.4,.757,1.5,3.9,5.4,2.9,0.7,0.7,1.8,3.8,13.3,,willigr01
550,Jalen Williams,22,OKC,PF,71,71,2223,8.7,16.1,.540,1.7,3.9,.427,7.0,12.2,.576,.592,2.9,3.6,.814,0.6,4.0,4.6,5.2,1.3,0.7,2.0,2.8,21.9,CPOY-12,willija06
551,Jaylin Williams,21,OKC,C,69,1,897,3.8,9.2,.417,2.1,5.8,.368,1.7,3.4,.500,.533,1.3,1.6,.805,1.4,7.9,9.4,4.4,1.1,1.1,1.4,3.9,11.1,,willija07
552,Jeenathan Williams,24,HOU,SG,22,0,129,7.5,14.0,.540,0.6,1.4,.400,7.0,12.6,.556,.560,2.0,3.6,.538,3.3,3.1,6.4,2.0,1.1,0.3,1.1,2.8,17.6,,willije02
553,Kenrich Williams,29,OKC,PF,69,1,1029,4.6,9.8,.468,2.0,4.9,.397,2.6,4.9,.540,.568,0.2,0.5,.500,2.1,5.2,7.3,3.3,1.3,0.3,1.1,3.5,11.4,,willike04
554,Malik Williams,25,TOR,C,7,2,107,3.0,11.4,.265,0.3,1.7,.200,2.7,9.8,.276,.279,0.0,0.7,.000,5.0,7.7,12.8,0.7,1.0,1.3,1.0,5.0,6.4,,willima11
555,Mark Williams,22,CHO,C,19,19,508,6.9,10.7,.649,0.0,0.0,,6.9,10.7,.649,.649,3.3,4.5,.719,5.4,7.7,13.0,1.6,1.1,1.4,1.2,3.5,17.1,,willima07
556,Patrick Williams,22,CHI,PF,43,30,1174,4.9,11.0,.443,1.8,4.5,.399,3.1,6.5,.474,.525,1.6,2.0,.788,1.4,3.7,5.1,2.0,1.2,1.0,1.7,2.7,13.2,,willipa01
557,Robert Williams,26,POR,C,6,0,119,5.1,7.9,.654,0.0,0.0,,5.1,7.9,.654,.654,2.1,2.7,.778,3.3,8.2,11.5,1.5,2.1,2.1,2.1,5.1,12.4,,williro04
558,Vince Williams Jr.,23,MEM,SG,52,33,1436,4.2,9.5,.446,2.0,5.2,.378,2.3,4.3,.529,.550,2.6,3.3,.800,1.5,5.8,7.3,4.4,1.2,0.9,2.3,3.4,13.1,,willivi01
559,Ziaire Williams,22,MEM,SF,51,15,1038,5.2,13.1,.397,2.0,6.6,.307,3.2,6.6,.487,.474,2.2,2.6,.827,1.2,5.0,6.2,2.6,1.2,0.3,2.3,2.9,14.6,,willizi02
560,Zion Williamson,23,NOP,PF,70,70,2207,10.2,17.8,.570,0.1,0.3,.333,10.1,17.6,.574,.573,5.7,8.1,.702,2.0,4.6,6.6,5.7,1.3,0.8,3.1,2.6,26.1,,willizi01
561,D.J. Wilson,27,PHI,PF,2,0,15,9.6,14.4,.667,4.8,4.8,1.000,4.8,9.6,.500,.833,0.0,0.0,,2.4,2.4,4.8,4.8,0.0,4.8,0.0,2.4,24.0,,wilsodj01
562,Jalen Wilson,23,BRK,PF,43,3,664,4.1,9.7,.425,1.3,4.0,.324,2.8,5.7,.495,.492,2.1,2.5,.826,2.5,4.6,7.1,2.4,0.6,0.2,1.0,2.6,11.6,,wilsoja03
563,Dylan Windler,27,3TM,SF,17,0,108,5.0,10.0,.500,4.3,9.0,.481,0.7,1.0,.667,.717,0.0,0.0,,1.0,4.3,5.3,3.3,0.7,0.0,0.7,2.0,14.3,,windldy01
564,James Wiseman,22,DET,C,63,6,1091,6.2,10.1,.613,0.0,0.1,.000,6.2,10.0,.617,.613,2.4,3.4,.706,3.6,7.5,11.1,1.8,0.4,1.3,2.2,4.7,14.7,,wisemja01
565,Isaiah Wong,23,IND,SG,1,0,4,9.0,27.0,.333,0.0,9.0,.000,9.0,18.0,.500,.333,0.0,0.0,,0.0,0.0,0.0,0.0,0.0,0.0,0.0,0.0,18.0,,wongis01
566,Christian Wood,28,LAL,PF,50,1,872,5.1,10.9,.466,1.4,4.7,.307,3.6,6.2,.587,.532,2.7,3.9,.702,1.6,8.9,10.5,2.0,0.7,1.4,2.1,3.0,14.3,,woodch01
567,Delon Wright,31,2TM,PG,47,1,742,3.6,9.1,.394,1.2,3.3,.368,2.4,5.8,.408,.460,1.8,2.2,.822,0.9,3.3,4.2,5.8,2.6,0.5,0.7,1.6,10.2,,wrighde01
568,Thaddeus Young,35,2TM,PF,33,6,439,5.3,8.9,.602,0.1,0.6,.143,5.2,8.3,.634,.606,0.5,1.2,.400,3.8,4.7,8.4,4.7,1.9,0.4,1.2,4.0,11.2,,youngth01
569,Trae Young,25,ATL,PG,54,54,1942,8.0,18.7,.430,3.2,8.7,.373,4.8,10.0,.479,.516,6.5,7.5,.855,0.4,2.3,2.8,10.8,1.3,0.2,4.4,2.0,25.7,AS,youngtr01
570,Omer Yurtseven,25,UTA,C,48,12,545,6.5,12.2,.538,0.3,1.6,.208,6.2,10.6,.588,.552,1.3,1.8,.679,4.8,9.0,13.7,1.9,0.5,1.2,2.4,3.4,14.7,,yurtsom01
571,Cody Zeller,31,NOP,C,43,0,320,2.9,7.0,.419,0.1,0.3,.333,2.8,6.6,.424,.427,2.6,4.3,.605,5.4,7.2,12.6,4.4,1.0,0.6,1.8,5.1,8.6,,zelleco01
572,Ivica Zubac,26,LAC,C,68,68,1794,6.8,10.4,.649,0.0,0.0,,6.8,10.4,.649,.649,2.4,3.3,.723,3.9,8.6,12.6,1.9,0.4,1.7,1.6,3.6,15.9,,zubaciv01
,League Average,,,,,,,,,.474,,,.366,,,.545,.547,,,.784,,,,,,,,,,,-9999

